00002000 ECS_ROM_PAGE_0   00007000 ECS_ROM_PAGE_1   0000e000 ECS_ROM_PAGE_2   
			; ECS EXEC-BASIC ROM -- byte-exact reconstruction.
			; Generated by ecs/reconstruct.py; do not hand-edit this file.
			; Source: roms/Entertainment Computer System EXEC-BASIC (1978) (Mattel) [!].int (SHA-256 2fcea60039c4a8836b9bb71e391d70a145c724b4dae516be733fe842ba6687c7)
			; Three 4096-decle, 10-bit pages in dump order: $2000, $7000, $E000.
			; ECS banking selects the documented page visible in each address window.

			        ROMW    10

 0x2000                         ORG     $2000

 0x2000                 ECS_ROM_PAGE_0:
2000 02ba 017f 0001 	        DECLE   $2BA, $17F, $001, $2BB, $00F, $070, $004, $120    ; $2000
2003 02bb 000f 0070 0004 0120 
2008 001f 037a 0170 	        DECLE   $01F, $37A, $170, $20C, $003, $004, $370, $026    ; $2008
200b 020c 0003 0004 0370 0026 
2010 02a0 0150 020c 	        DECLE   $2A0, $150, $20C, $007, $3BA, $0F0, $001, $33C    ; $2010
2013 0007 03ba 00f0 0001 033c 
2018 0000 0010 00a7 	        DECLE   $000, $010, $0A7, $013, $012, $220, $018, $09C    ; $2018
201b 0013 0012 0220 0018 009c 
2020 02b9 0294 004d 	        DECLE   $2B9, $294, $04D, $1E1, $0A0, $3B8, $00F, $001    ; $2020
2023 01e1 00a0 03b8 000f 0001 
2028 03f8 00ff 000f 	        DECLE   $3F8, $0FF, $00F, $1C4, $261, $014, $0AF, $275    ; $2028
202b 01c4 0261 0014 00af 0275 
2030 0281 02f0 0339 	        DECLE   $281, $2F0, $339, $008, $288, $080, $20B, $002    ; $2030
2033 0008 0288 0080 020b 0002 
2038 03b8 0200 02b7 	        DECLE   $3B8, $200, $2B7, $275, $004, $174, $1F2, $001    ; $2038
203b 0275 0004 0174 01f2 0001 
2040 02bc 00b1 0040 	        DECLE   $2BC, $0B1, $040, $2A2, $0E2, $33A, $003, $2B8    ; $2040
2043 02a2 00e2 033a 0003 02b8 
2048 000d 0250 02b8 	        DECLE   $00D, $250, $2B8, $010, $004, $1EC, $3E0, $2A0    ; $2048
204b 0010 0004 01ec 03e0 02a0 
2050 0081 03b8 00e0 	        DECLE   $081, $3B8, $0E0, $378, $0A0, $20C, $018, $3B9    ; $2050
2053 0378 00a0 020c 0018 03b9 
2058 001f 0009 00f9 	        DECLE   $01F, $009, $0F9, $2CF, $080, $10E, $07D, $07D    ; $2058
205b 02cf 0080 010e 007d 007d 
2060 007d 0195 01c9 	        DECLE   $07D, $195, $1C9, $10B, $160, $131, $07A, $25C    ; $2060
2063 010b 0160 0131 007a 025c 
2068 017c 029f 0278 	        DECLE   $17C, $29F, $278, $281, $26D, $030, $195, $004    ; $2068
206b 0281 026d 0030 0195 0004 
2070 0120 03c9 0004 	        DECLE   $120, $3C9, $004, $1EC, $049, $2B9, $082, $2A0    ; $2070
2073 01ec 0049 02b9 0082 02a0 
2078 0141 0204 0006 	        DECLE   $141, $204, $006, $2A0, $148, $204, $002, $2FC    ; $2078
207b 02a0 0148 0204 0002 02fc 
2080 0005 0004 0120 	        DECLE   $005, $004, $120, $31A, $004, $174, $1D4, $004    ; $2080
2083 031a 0004 0174 01d4 0004 
2088 0178 00af 0200 	        DECLE   $178, $0AF, $200, $04D, $2A0, $378, $00D, $204    ; $2088
208b 004d 02a0 0378 000d 0204 
2090 0048 0001 02bd 	        DECLE   $048, $001, $2BD, $0E9, $047, $001, $2A9, $089    ; $2090
2093 00e9 0047 0001 02a9 0089 
2098 020c 000a 0001 	        DECLE   $20C, $00A, $001, $2B9, $0FE, $025, $004, $120    ; $2098
209b 02b9 00fe 0025 0004 0120 
20a0 0399 000c 0220 	        DECLE   $399, $00C, $220, $017, $274, $271, $2AA, $093    ; $20A0
20a3 0017 0274 0271 02aa 0093 
20a8 004a 00d3 004a 	        DECLE   $04A, $0D3, $04A, $0D3, $0D9, $2F9, $003, $004    ; $20A8
20ab 00d3 00d9 02f9 0003 0004 
20b0 0120 0399 02b1 	        DECLE   $120, $399, $2B1, $011, $288, $2FB, $012, $158    ; $20B0
20b3 0011 0288 02fb 0012 0158 
20b8 0203 0013 0009 	        DECLE   $203, $013, $009, $08C, $004, $174, $28B, $080    ; $20B8
20bb 008c 0004 0174 028b 0080 
20c0 020c 0004 01e4 	        DECLE   $20C, $004, $1E4, $004, $174, $28B, $004, $174    ; $20C0
20c3 0004 0174 028b 0004 0174 
20c8 0292 02b4 000c 	        DECLE   $292, $2B4, $00C, $220, $040, $001, $2B9, $0EB    ; $20C8
20cb 0220 0040 0001 02b9 00eb 
20d0 0047 0288 0008 	        DECLE   $047, $288, $008, $248, $220, $00C, $004, $174    ; $20D0
20d3 0248 0220 000c 0004 0174 
20d8 01b3 02b8 0001 	        DECLE   $1B3, $2B8, $001, $2B7, $001, $2BD, $0B5, $047    ; $20D8
20db 02b7 0001 02bd 00b5 0047 
20e0 0001 02ab 0013 	        DECLE   $001, $2AB, $013, $299, $339, $008, $0CB, $298    ; $20E0
20e3 0299 0339 0008 00cb 0298 
20e8 0080 020c 0040 	        DECLE   $080, $20C, $040, $0A2, $00A, $33C, $002, $0CC    ; $20E8
20eb 00a2 000a 033c 0002 00cc 
20f0 0290 0378 0080 	        DECLE   $290, $378, $080, $20C, $002, $2FA, $005, $00A    ; $20F0
20f3 020c 0002 02fa 0005 000a 
20f8 0290 0378 0080 	        DECLE   $290, $378, $080, $20C, $004, $2FA, $002, $200    ; $20F8
20fb 020c 0004 02fa 0002 0200 
2100 0003 0004 0178 	        DECLE   $003, $004, $178, $08B, $091, $0A2, $004, $1EC    ; $2100
2103 008b 0091 00a2 0004 01ec 
2108 0058 009a 0004 	        DECLE   $058, $09A, $004, $1EC, $058, $2FC, $002, $001    ; $2108
210b 01ec 0058 02fc 0002 0001 
2110 02ba 00b3 0040 	        DECLE   $2BA, $0B3, $040, $272, $004, $178, $08B, $094    ; $2110
2113 0272 0004 0178 008b 0094 
2118 02b2 000a 0290 	        DECLE   $2B2, $00A, $290, $378, $080, $20C, $004, $2FA    ; $2118
211b 0378 0080 020c 0004 02fa 
2120 0002 0200 0003 	        DECLE   $002, $200, $003, $004, $178, $08B, $091, $0A2    ; $2120
2123 0004 0178 008b 0091 00a2 
2128 0004 01ec 0058 	        DECLE   $004, $1EC, $058, $001, $2BD, $0B1, $040, $2A8    ; $2128
212b 0001 02bd 00b1 0040 02a8 
2130 0338 0003 00aa 	        DECLE   $338, $003, $0AA, $00A, $0C5, $33D, $006, $0AB    ; $2130
2133 000a 00c5 033d 0006 00ab 
2138 0004 0178 008b 	        DECLE   $004, $178, $08B, $004, $1E0, $308, $020, $223    ; $2138
213b 0004 01e0 0308 0020 0223 
2140 0067 0001 02bd 	        DECLE   $067, $001, $2BD, $0B1, $040, $2A8, $338, $005    ; $2140
2143 00b1 0040 02a8 0338 0005 
2148 00c5 0001 02ac 	        DECLE   $0C5, $001, $2AC, $004, $1EC, $39F, $080, $22B    ; $2148
214b 0004 01ec 039f 0080 022b 
2150 0005 0204 0014 	        DECLE   $005, $204, $014, $1C0, $200, $001, $275, $0A1    ; $2150
2153 01c0 0200 0001 0275 00a1 
2158 0001 02bd 00b5 	        DECLE   $001, $2BD, $0B5, $047, $269, $041, $269, $080    ; $2158
215b 0047 0269 0041 0269 0080 
2160 020c 0004 0004 	        DECLE   $20C, $004, $004, $174, $204, $1C0, $2B7, $1C0    ; $2160
2163 0174 0204 01c0 02b7 01c0 
2168 0010 02b7 0004 	        DECLE   $010, $2B7, $004, $1EC, $049, $2B8, $001, $283    ; $2168
216b 01ec 0049 02b8 0001 0283 
2170 035c 0004 01ec 	        DECLE   $35C, $004, $1EC, $340, $0A2, $272, $004, $178    ; $2170
2173 0340 00a2 0272 0004 0178 
2178 008b 0272 0093 	        DECLE   $08B, $272, $093, $1C0, $004, $1E0, $059, $2B2    ; $2178
217b 01c0 0004 01e0 0059 02b2 
2180 0281 035c 0004 	        DECLE   $281, $35C, $004, $1EC, $058, $2B3, $00B, $09D    ; $2180
2183 01ec 0058 02b3 000b 009d 
2188 0001 02a9 01c0 	        DECLE   $001, $2A9, $1C0, $220, $034, $281, $15D, $3B9    ; $2188
218b 0220 0034 0281 015d 03b9 
2190 0004 0204 0008 	        DECLE   $004, $204, $008, $001, $2BD, $0B5, $047, $001    ; $2190
2193 0001 02bd 00b5 0047 0001 
2198 02ab 0200 0001 	        DECLE   $2AB, $200, $001, $1DB, $001, $2B9, $0C2, $047    ; $2198
219b 01db 0001 02b9 00c2 0047 
21a0 028a 037a 0005 	        DECLE   $28A, $37A, $005, $20B, $00B, $09D, $33D, $003    ; $21A0
21a3 020b 000b 009d 033d 0003 
21a8 0001 02ab 009a 	        DECLE   $001, $2AB, $09A, $004, $12C, $1DE, $220, $0D6    ; $21A8
21ab 0004 012c 01de 0220 00d6 
21b0 004a 0001 02fa 	        DECLE   $04A, $001, $2FA, $0B8, $047, $253, $00A, $043    ; $21B0
21b3 00b8 0047 0253 000a 0043 
21b8 0253 028a 000a 	        DECLE   $253, $28A, $00A, $24A, $0A5, $001, $2AA, $1E4    ; $21B8
21bb 024a 00a5 0001 02aa 01e4 
21c0 0004 01ec 039f 	        DECLE   $004, $1EC, $39F, $142, $204, $004, $080, $22C    ; $21C0
21c3 0142 0204 0004 0080 022c 
21c8 0008 02b7 0281 	        DECLE   $008, $2B7, $281, $15D, $3B9, $004, $20C, $005    ; $21C8
21cb 015d 03b9 0004 020c 0005 
21d0 0274 0004 0174 	        DECLE   $274, $004, $174, $212, $2B4, $1C0, $220, $080    ; $21D0
21d3 0212 02b4 01c0 0220 0080 
21d8 0001 02b9 00c2 	        DECLE   $001, $2B9, $0C2, $047, $28A, $092, $224, $078    ; $21D8
21db 0047 028a 0092 0224 0078 
21e0 0012 024a 004a 	        DECLE   $012, $24A, $04A, $001, $2FA, $0B8, $047, $095    ; $21E0
21e3 0001 02fa 00b8 0047 0095 
21e8 0001 02ac 00a4 	        DECLE   $001, $2AC, $0A4, $224, $085, $2B8, $001, $220    ; $21E8
21eb 0224 0085 02b8 0001 0220 
21f0 0099 0004 0174 	        DECLE   $099, $004, $174, $3F9, $2A0, $270, $091, $001    ; $21F0
21f3 03f9 02a0 0270 0091 0001 
21f8 02ba 00c6 0047 	        DECLE   $2BA, $0C6, $047, $272, $004, $1EC, $058, $004    ; $21F8
21fb 0272 0004 01ec 0058 0004 
2200 0174 03f9 02b3 	        DECLE   $174, $3F9, $2B3, $274, $004, $1E0, $308, $020    ; $2200
2203 0274 0004 01e0 0308 0020 
2208 02b5 02b1 03b9 	        DECLE   $2B5, $2B1, $3B9, $003, $339, $002, $148, $22C    ; $2208
220b 0003 0339 0002 0148 022c 
2210 0137 0284 0354 	        DECLE   $137, $284, $354, $2FC, $02C, $2A2, $0A3, $0E2    ; $2210
2213 02fc 002c 02a2 00a3 00e2 
2218 033a 0002 02a8 	        DECLE   $33A, $002, $2A8, $260, $16A, $22C, $004, $1C0    ; $2218
221b 0260 016a 022c 0004 01c0 
2220 0268 009c 0012 	        DECLE   $268, $09C, $012, $220, $1DA, $004, $120, $3C9    ; $2220
2223 0220 01da 0004 0120 03c9 
2228 0004 0120 0380 	        DECLE   $004, $120, $380, $2A0, $378, $00D, $224, $156    ; $2228
222b 02a0 0378 000d 0224 0156 
2230 0274 0283 0354 	        DECLE   $274, $283, $354, $09D, $1C0, $268, $001, $37D    ; $2230
2233 009d 01c0 0268 0001 037d 
2238 0099 0040 022c 	        DECLE   $099, $040, $22C, $006, $2B4, $273, $014, $004    ; $2238
223b 0006 02b4 0273 0014 0004 
2240 0120 031a 02b3 	        DECLE   $120, $31A, $2B3, $001, $2BA, $0B7, $047, $292    ; $2240
2243 0001 02ba 00b7 0047 0292 
2248 03ba 0010 0204 	        DECLE   $3BA, $010, $204, $018, $274, $09C, $1C0, $2B9    ; $2248
224b 0018 0274 009c 01c0 02b9 
2250 0001 02ba 0002 	        DECLE   $001, $2BA, $002, $283, $35C, $29D, $3BD, $080    ; $2250
2253 0283 035c 029d 03bd 0080 
2258 020c 0003 02bb 	        DECLE   $20C, $003, $2BB, $020, $263, $004, $120, $3EE    ; $2258
225b 0020 0263 0004 0120 03ee 
2260 00a3 02b4 0200 	        DECLE   $0A3, $2B4, $200, $02B, $274, $273, $004, $124    ; $2260
2263 002b 0274 0273 0004 0124 
2268 019d 0001 02ba 	        DECLE   $19D, $001, $2BA, $0B7, $047, $292, $091, $3BA    ; $2268
226b 00b7 0047 0292 0091 03ba 
2270 0007 0093 0080 	        DECLE   $007, $093, $080, $203, $001, $1C0, $0C3, $2FB    ; $2270
2273 0203 0001 01c0 00c3 02fb 
2278 0003 03b9 0008 	        DECLE   $003, $3B9, $008, $2BD, $009, $089, $204, $002    ; $2278
227b 02bd 0009 0089 0204 0002 
2280 02fd 000a 015d 	        DECLE   $2FD, $00A, $15D, $203, $004, $2B3, $2B4, $220    ; $2280
2283 0203 0004 02b3 02b4 0220 
2288 003c 011d 02b4 	        DECLE   $03C, $11D, $2B4, $0EC, $1C9, $220, $03B, $001    ; $2288
228b 00ec 01c9 0220 003b 0001 
2290 02b9 00b7 0047 	        DECLE   $2B9, $0B7, $047, $289, $3B9, $008, $204, $00B    ; $2290
2293 0289 03b9 0008 0204 000b 
2298 000c 0274 02b8 	        DECLE   $00C, $274, $2B8, $00D, $258, $004, $12C, $2DE    ; $2298
229b 000d 0258 0004 012c 02de 
22a0 02b4 0220 0077 	        DECLE   $2B4, $220, $077, $00C, $001, $37B, $090, $040    ; $22A0
22a3 000c 0001 037b 0090 0040 
22a8 0223 0010 02a0 	        DECLE   $223, $010, $2A0, $378, $00D, $20C, $003, $014    ; $22A8
22ab 0378 000d 020c 0003 0014 
22b0 0220 0018 0001 	        DECLE   $220, $018, $001, $2BB, $08F, $040, $220, $07A    ; $22B0
22b3 02bb 008f 0040 0220 007a 
22b8 0004 0120 0380 	        DECLE   $004, $120, $380, $2A0, $378, $00D, $224, $1E6    ; $22B8
22bb 02a0 0378 000d 0224 01e6 
22c0 0001 033c 00af 	        DECLE   $001, $33C, $0AF, $040, $001, $2B9, $0FA, $047    ; $22C0
22c3 0040 0001 02b9 00fa 0047 
22c8 024c 0280 015d 	        DECLE   $24C, $280, $15D, $3B8, $0E7, $3F8, $018, $240    ; $22C8
22cb 03b8 00e7 03f8 0018 0240 
22d0 015d 02b5 02b5 	        DECLE   $15D, $2B5, $2B5, $2B7, $2A1, $004, $120, $3A3    ; $22D0
22d3 02b7 02a1 0004 0120 03a3 
22d8 0004 0120 03ae 	        DECLE   $004, $120, $3AE, $220, $203, $2A1, $004, $120    ; $22D8
22db 0220 0203 02a1 0004 0120 
22e0 03a3 008c 0281 	        DECLE   $3A3, $08C, $281, $354, $004, $120, $3AE, $2B8    ; $22E0
22e3 0354 0004 0120 03ae 02b8 
22e8 000d 0260 0001 	        DECLE   $00D, $260, $001, $2B9, $098, $040, $288, $378    ; $22E8
22eb 02b9 0098 0040 0288 0378 
22f0 0020 020c 0003 	        DECLE   $020, $20C, $003, $2B8, $00D, $248, $004, $12C    ; $22F0
22f3 02b8 000d 0248 0004 012c 
22f8 02de 0220 0221 	        DECLE   $2DE, $220, $221, $2BA, $00C, $2B8, $00A, $004    ; $22F8
22fb 02ba 000c 02b8 000a 0004 
2300 01ec 03e0 02a1 	        DECLE   $1EC, $3E0, $2A1, $14A, $20B, $007, $001, $2BC    ; $2300
2303 014a 020b 0007 0001 02bc 
2308 0019 0027 0011 	        DECLE   $019, $027, $011, $200, $008, $011, $111, $285    ; $2308
230b 0200 0008 0011 0111 0285 
2310 02f0 02fd 000e 	        DECLE   $2F0, $2FD, $00E, $001, $2AC, $049, $0CC, $001    ; $2310
2313 0001 02ac 0049 00cc 0001 
2318 02a1 008f 0275 	        DECLE   $2A1, $08F, $275, $004, $1EC, $049, $004, $174    ; $2318
231b 0004 01ec 0049 0004 0174 
2320 03df 0080 020c 	        DECLE   $3DF, $080, $20C, $00B, $004, $174, $3F9, $091    ; $2320
2323 000b 0004 0174 03f9 0091 
2328 0282 035c 0004 	        DECLE   $282, $35C, $004, $1EC, $058, $200, $050, $274    ; $2328
232b 01ec 0058 0200 0050 0274 
2330 0004 0174 034b 	        DECLE   $004, $174, $34B, $080, $203, $021, $008, $203    ; $2330
2333 0080 0203 0021 0008 0203 
2338 000b 0004 0174 	        DECLE   $00B, $004, $174, $3F9, $091, $282, $35C, $2FA    ; $2338
233b 03f9 0091 0282 035c 02fa 
2340 0015 0004 01ec 	        DECLE   $015, $004, $1EC, $058, $284, $35C, $0A5, $2FD    ; $2340
2343 0058 0284 035c 00a5 02fd 
2348 0015 00aa 02bb 	        DECLE   $015, $0AA, $2BB, $007, $2A0, $2A9, $014, $015    ; $2348
234b 0007 02a0 02a9 0014 0015 
2350 0261 0268 0013 	        DECLE   $261, $268, $013, $22C, $008, $200, $01A, $080    ; $2350
2353 022c 0008 0200 001a 0080 
2358 0204 0014 0281 	        DECLE   $204, $014, $281, $35C, $08A, $2FA, $015, $004    ; $2358
235b 035c 008a 02fa 0015 0004 
2360 01ec 005c 0004 	        DECLE   $1EC, $05C, $004, $1EC, $049, $004, $174, $3F9    ; $2360
2363 01ec 0049 0004 0174 03f9 
2368 0091 0282 035c 	        DECLE   $091, $282, $35C, $004, $1EC, $058, $004, $174    ; $2368
236b 0004 01ec 0058 0004 0174 
2370 03f9 0093 02b4 	        DECLE   $3F9, $093, $2B4, $2A2, $274, $004, $178, $095    ; $2370
2373 02a2 0274 0004 0178 0095 
2378 02b4 0004 0174 	        DECLE   $2B4, $004, $174, $3DF, $080, $22C, $04F, $2B7    ; $2378
237b 03df 0080 022c 004f 02b7 
2380 0275 0285 0354 	        DECLE   $275, $285, $354, $2A0, $378, $001, $204, $003    ; $2380
2383 02a0 0378 0001 0204 0003 
2388 0268 0220 0007 	        DECLE   $268, $220, $007, $280, $354, $145, $204, $008    ; $2388
238b 0280 0354 0145 0204 0008 
2390 02b8 000d 0268 	        DECLE   $2B8, $00D, $268, $274, $004, $12C, $2DE, $2B4    ; $2390
2393 0274 0004 012c 02de 02b4 
2398 02b7 0275 00a2 	        DECLE   $2B7, $275, $0A2, $012, $004, $178, $08B, $004    ; $2398
239b 0012 0004 0178 008b 0004 
23a0 01ec 0058 02b7 	        DECLE   $1EC, $058, $2B7, $275, $011, $04D, $08D, $04D    ; $23A0
23a3 0275 0011 004d 008d 004d 
23a8 00e9 0001 02f9 	        DECLE   $0E9, $001, $2F9, $075, $047, $2B7, $275, $08D    ; $23A8
23ab 0075 0047 02b7 0275 008d 
23b0 02f9 0014 02a0 	        DECLE   $2F9, $014, $2A0, $378, $001, $204, $008, $378    ; $23B0
23b3 0378 0001 0204 0008 0378 
23b8 000d 0204 0004 	        DECLE   $00D, $204, $004, $268, $169, $22C, $00C, $14D    ; $23B8
23bb 0268 0169 022c 000c 014d 
23c0 020c 0002 00ac 	        DECLE   $20C, $002, $0AC, $2B7, $2B8, $020, $268, $220    ; $23C0
23c3 02b7 02b8 0020 0268 0220 
23c8 0009 0275 000a 	        DECLE   $009, $275, $00A, $274, $014, $0A5, $1DB, $162    ; $23C8
23cb 0274 0014 00a5 01db 0162 
23d0 0204 001a 02a0 	        DECLE   $204, $01A, $2A0, $09B, $20C, $012, $378, $080    ; $23D0
23d3 009b 020c 0012 0378 0080 
23d8 020c 0004 02bb 	        DECLE   $20C, $004, $2BB, $005, $200, $00B, $378, $084    ; $23D8
23db 0005 0200 000b 0378 0084 
23e0 0224 0012 0378 	        DECLE   $224, $012, $378, $08A, $224, $016, $200, $001    ; $23E0
23e3 008a 0224 0016 0200 0001 
23e8 0013 0268 0220 	        DECLE   $013, $268, $220, $01C, $2B4, $2B7, $275, $285    ; $23E8
23eb 001c 02b4 02b7 0275 0285 
23f0 015d 03bd 007f 	        DECLE   $15D, $3BD, $07F, $3FD, $080, $245, $15D, $270    ; $23F0
23f3 03fd 0080 0245 015d 0270 
23f8 0271 0272 0281 	        DECLE   $271, $272, $281, $35C, $001, $2BA, $0EE, $047    ; $23F8
23fb 035c 0001 02ba 00ee 0047 
2400 0004 01ec 005c 	        DECLE   $004, $1EC, $05C, $095, $0A2, $26A, $042, $26A    ; $2400
2403 0095 00a2 026a 0042 026a 
2408 008b 02b2 02b1 	        DECLE   $08B, $2B2, $2B1, $2B0, $268, $26A, $29D, $3BD    ; $2408
240b 02b0 0268 026a 029d 03bd 
2410 0080 0204 0007 	        DECLE   $080, $204, $007, $29D, $3BD, $07F, $25D, $2BD    ; $2410
2413 029d 03bd 007f 025d 02bd 
2418 002d 0265 0270 	        DECLE   $02D, $265, $270, $271, $272, $281, $35C, $08A    ; $2418
241b 0271 0272 0281 035c 008a 
2420 033a 0007 0004 	        DECLE   $33A, $007, $004, $1EC, $05C, $2B2, $2B1, $2B0    ; $2420
2423 01ec 005c 02b2 02b1 02b0 
2428 0089 0204 0037 	        DECLE   $089, $204, $037, $270, $272, $271, $004, $124    ; $2428
242b 0270 0272 0271 0004 0124 
2430 019d 0083 02b1 	        DECLE   $19D, $083, $2B1, $2B2, $2B0, $103, $09D, $09B    ; $2430
2433 02b2 02b0 0103 009d 009b 
2438 0203 0005 0023 	        DECLE   $203, $005, $023, $001, $3FB, $000, $040, $379    ; $2438
243b 0001 03fb 0000 0040 0379 
2440 0002 020c 0004 	        DECLE   $002, $20C, $004, $001, $3FB, $000, $080, $273    ; $2440
2443 0001 03fb 0000 0080 0273 
2448 0270 0272 00a8 	        DECLE   $270, $272, $0A8, $020, $004, $1EC, $06A, $001    ; $2448
244b 0020 0004 01ec 006a 0001 
2450 02bb 00c6 0047 	        DECLE   $2BB, $0C6, $047, $273, $004, $1E0, $0BB, $2B2    ; $2450
2453 0273 0004 01e0 00bb 02b2 
2458 0091 02f9 0007 	        DECLE   $091, $2F9, $007, $004, $1EC, $05C, $2B2, $2B0    ; $2458
245b 0004 01ec 005c 02b2 02b0 
2460 0200 0003 02bb 	        DECLE   $200, $003, $2BB, $0FF, $273, $1C9, $011, $080    ; $2460
2463 00ff 0273 01c9 0011 0080 
2468 0203 0004 02bb 	        DECLE   $203, $004, $2BB, $02E, $263, $1C9, $001, $2BD    ; $2468
246b 002e 0263 01c9 0001 02bd 
2470 00c3 0047 026a 	        DECLE   $0C3, $047, $26A, $269, $270, $004, $1EC, $06A    ; $2470
2473 0269 0270 0004 01ec 006a 
2478 0281 035c 008a 	        DECLE   $281, $35C, $08A, $2FA, $015, $004, $1EC, $05C    ; $2478
247b 02fa 0015 0004 01ec 005c 
2480 008a 0339 0007 	        DECLE   $08A, $339, $007, $004, $1EC, $05C, $093, $273    ; $2480
2483 0004 01ec 005c 0093 0273 
2488 02fb 000e 0004 	        DECLE   $2FB, $00E, $004, $1E0, $267, $2B3, $33B, $007    ; $2488
248b 01e0 0267 02b3 033b 0007 
2490 0004 01e4 01a2 	        DECLE   $004, $1E4, $1A2, $378, $00A, $20B, $002, $2B8    ; $2490
2493 0378 000a 020b 0002 02b8 
2498 0009 0083 02fb 	        DECLE   $009, $083, $2FB, $030, $263, $080, $204, $01F    ; $2498
249b 0030 0263 0080 0204 001f 
24a0 0283 035c 0004 	        DECLE   $283, $35C, $004, $1EC, $340, $273, $2FB, $015    ; $24A0
24a3 01ec 0340 0273 02fb 0015 
24a8 0004 01e0 00bb 	        DECLE   $004, $1E0, $0BB, $2B1, $28A, $3FA, $080, $24A    ; $24A8
24ab 02b1 028a 03fa 0080 024a 
24b0 008b 033b 0007 	        DECLE   $08B, $33B, $007, $273, $1C0, $004, $1E0, $059    ; $24B0
24b3 0273 01c0 0004 01e0 0059 
24b8 02b2 0091 02f9 	        DECLE   $2B2, $091, $2F9, $007, $004, $1EC, $05C, $2B0    ; $24B8
24bb 0007 0004 01ec 005c 02b0 
24c0 0001 02bd 00c3 	        DECLE   $001, $2BD, $0C3, $047, $2AA, $2A9, $379, $0FF    ; $24C0
24c3 0047 02aa 02a9 0379 00ff 
24c8 020c 0002 01c9 	        DECLE   $20C, $002, $1C9, $011, $010, $223, $060, $089    ; $24C8
24cb 0011 0010 0223 0060 0089 
24d0 0203 0009 01c9 	        DECLE   $203, $009, $1C9, $14A, $204, $006, $2BB, $02E    ; $24D0
24d3 014a 0204 0006 02bb 002e 
24d8 0263 0200 0001 	        DECLE   $263, $200, $001, $009, $14A, $22C, $070, $004    ; $24D8
24db 0009 014a 022c 0070 0004 
24e0 01ec 006a 0001 	        DECLE   $1EC, $06A, $001, $2BB, $0E2, $047, $2B8, $005    ; $24E0
24e3 02bb 00e2 0047 02b8 0005 
24e8 0004 01ec 0340 	        DECLE   $004, $1EC, $340, $273, $004, $1E0, $0BB, $2B8    ; $24E8
24eb 0273 0004 01e0 00bb 02b8 
24f0 0001 02b3 033b 	        DECLE   $001, $2B3, $33B, $01C, $273, $004, $1E0, $059    ; $24F0
24f3 001c 0273 0004 01e0 0059 
24f8 02b1 02f9 0007 	        DECLE   $2B1, $2F9, $007, $288, $3B8, $080, $204, $017    ; $24F8
24fb 0288 03b8 0080 0204 0017 
2500 00a2 0012 0290 	        DECLE   $0A2, $012, $290, $378, $02E, $224, $005, $004    ; $2500
2503 0378 002e 0224 0005 0004 
2508 012c 01d2 0201 	        DECLE   $12C, $1D2, $201, $04A, $008, $378, $03A, $20C    ; $2508
250b 004a 0008 0378 003a 020c 
2510 0005 02b8 0030 	        DECLE   $005, $2B8, $030, $250, $220, $014, $250, $2B0    ; $2510
2513 0250 0220 0014 0250 02b0 
2518 0378 00ff 0204 	        DECLE   $378, $0FF, $204, $033, $2B9, $045, $261, $083    ; $2518
251b 0033 02b9 0045 0261 0083 
2520 009d 0001 03bb 	        DECLE   $09D, $001, $3BB, $000, $040, $001, $3BD, $000    ; $2520
2523 0000 0040 0001 03bd 0000 
2528 0080 009b 0204 	        DECLE   $080, $09B, $204, $005, $2B9, $02D, $261, $200    ; $2528
252b 0005 02b9 002d 0261 0200 
2530 0006 02b9 0020 	        DECLE   $006, $2B9, $020, $034, $034, $034, $261, $3B8    ; $2530
2533 0034 0034 0034 0261 03b8 
2538 00ff 0034 0083 	        DECLE   $0FF, $034, $083, $081, $2BA, $00A, $004, $11C    ; $2538
253b 0081 02ba 000a 0004 011c 
2540 01fb 0081 02f8 	        DECLE   $1FB, $081, $2F8, $030, $260, $2B8, $00A, $004    ; $2540
2543 0030 0260 02b8 000a 0004 
2548 011c 01dc 0113 	        DECLE   $11C, $1DC, $113, $098, $2F8, $030, $260, $2B8    ; $2548
254b 0098 02f8 0030 0260 02b8 
2550 0007 0004 0114 	        DECLE   $007, $004, $114, $2DB, $15D, $2B7, $2B0, $378    ; $2550
2553 02db 015d 02b7 02b0 0378 
2558 00ff 0204 0021 	        DECLE   $0FF, $204, $021, $00A, $291, $379, $02E, $20C    ; $2558
255b 000a 0291 0379 002e 020c 
2560 0001 000a 02b9 	        DECLE   $001, $00A, $2B9, $031, $251, $085, $040, $3B8    ; $2560
2563 0031 0251 0085 0040 03b8 
2568 0040 0204 0002 	        DECLE   $040, $204, $002, $015, $015, $00D, $275, $00A    ; $2568
256b 0015 0015 000d 0275 000a 
2570 0290 0378 002e 	        DECLE   $290, $378, $02E, $224, $005, $004, $12C, $1D2    ; $2570
2573 0224 0005 0004 012c 01d2 
2578 0229 000a 0220 	        DECLE   $229, $00A, $220, $064, $282, $35C, $001, $2B9    ; $2578
257b 0064 0282 035c 0001 02b9 
2580 00ee 0047 0004 	        DECLE   $0EE, $047, $004, $1EC, $05C, $08D, $2FD, $007    ; $2580
2583 01ec 005c 008d 02fd 0007 
2588 0001 02ac 02a8 	        DECLE   $001, $2AC, $2A8, $2AA, $008, $085, $0D5, $014    ; $2588
258b 02aa 0008 0085 00d5 0014 
2590 01c9 037d 0007 	        DECLE   $1C9, $37D, $007, $22B, $1A5, $00C, $1C0, $2B9    ; $2590
2593 022b 01a5 000c 01c0 02b9 
2598 0001 02ba 0002 	        DECLE   $001, $2BA, $002, $220, $1AD, $275, $274, $2B8    ; $2598
259b 0220 01ad 0275 0274 02b8 
25a0 0007 0004 0114 	        DECLE   $007, $004, $114, $2E6, $15D, $004, $170, $0A2    ; $25A0
25a3 02e6 015d 0004 0170 00a2 
25a8 0204 004c 0288 	        DECLE   $204, $04C, $288, $270, $3B8, $07F, $248, $08A    ; $25A8
25ab 0270 03b8 007f 0248 008a 
25b0 02fa 0015 0004 	        DECLE   $2FA, $015, $004, $1EC, $05C, $004, $1E0, $1DD    ; $25B0
25b3 01ec 005c 0004 01e0 01dd 
25b8 0090 008b 0004 	        DECLE   $090, $08B, $004, $1E4, $1FB, $273, $001, $2BB    ; $25B8
25bb 01e4 01fb 0273 0001 02bb 
25c0 0067 0026 0004 	        DECLE   $067, $026, $004, $1E0, $0BB, $2B3, $2BC, $04B    ; $25C0
25c3 01e0 00bb 02b3 02bc 004b 
25c8 0004 01e4 01dc 	        DECLE   $004, $1E4, $1DC, $270, $024, $160, $204, $01B    ; $25C8
25cb 0270 0024 0160 0204 001b 
25d0 0004 01ec 006a 	        DECLE   $004, $1EC, $06A, $281, $35C, $288, $3F8, $080    ; $25D0
25d3 0281 035c 0288 03f8 0080 
25d8 0248 01c0 008b 	        DECLE   $248, $1C0, $08B, $273, $2FB, $015, $004, $1E0    ; $25D8
25db 0273 02fb 0015 0004 01e0 
25e0 0059 02b1 0288 	        DECLE   $059, $2B1, $288, $3B8, $080, $204, $004, $2B0    ; $25E0
25e3 03b8 0080 0204 0004 02b0 
25e8 0010 0220 001f 	        DECLE   $010, $220, $01F, $08A, $2F9, $015, $004, $1EC    ; $25E8
25eb 008a 02f9 0015 0004 01ec 
25f0 005c 02b0 02b1 	        DECLE   $05C, $2B0, $2B1, $33A, $007, $251, $285, $15D    ; $25F0
25f3 033a 0007 0251 0285 015d 
25f8 03bd 007f 0245 	        DECLE   $3BD, $07F, $245, $15D, $2B4, $2B7, $040, $000    ; $25F8
25fb 015d 02b4 02b7 0040 0000 
2600 0000 0000 0000 	        DECLE   $000, $000, $000, $000, $000, $041, $0A0, $000    ; $2600
2603 0000 0000 0041 00a0 0000 
2608 0000 0000 0000 	        DECLE   $000, $000, $000, $000, $042, $064, $000, $000    ; $2608
260b 0000 0042 0064 0000 0000 
2610 0000 0000 0000 	        DECLE   $000, $000, $000, $044, $027, $010, $000, $000    ; $2610
2613 0044 0027 0010 0000 0000 
2618 0000 0000 0047 	        DECLE   $000, $000, $047, $05F, $05E, $010, $000, $000    ; $2618
261b 005f 005e 0010 0000 0000 
2620 0000 004e 0023 	        DECLE   $000, $04E, $023, $086, $0F2, $06F, $0C1, $000    ; $2620
2623 0086 00f2 006f 00c1 0000 
2628 005b 004e 00e2 	        DECLE   $05B, $04E, $0E2, $0D6, $0D4, $015, $0B8, $076    ; $2628
262b 00d6 00d4 0015 00b8 0076 
2630 0018 004f 0003 	        DECLE   $018, $04F, $003, $0E9, $03F, $0FA, $040, $019    ; $2630
2633 00e9 003f 00fa 0040 0019 
2638 0099 0099 0099 	        DECLE   $099, $099, $099, $099, $09A, $001, $028, $0F5    ; $2638
263b 0099 009a 0001 0028 00f5 
2640 00c2 008f 005c 	        DECLE   $0C2, $08F, $05C, $029, $003, $068, $0DB, $08B    ; $2640
2643 0029 0003 0068 00db 008b 
2648 00ac 0071 000d 	        DECLE   $0AC, $071, $00D, $006, $02A, $0F3, $01D, $0C4    ; $2648
264b 0006 002a 00f3 001d 00c4 
2650 0061 0018 000d 	        DECLE   $061, $018, $00D, $073, $04A, $0CA, $05F, $062    ; $2650
2653 0073 004a 00ca 005f 0062 
2658 0027 001a 0033 	        DECLE   $027, $01A, $033, $0EC, $047, $0AB, $051, $04E    ; $2658
265b 00ec 0047 00ab 0051 004e 
2660 0035 00a8 007f 	        DECLE   $035, $0A8, $07F, $0EA, $027, $0A5, $03A, $041    ; $2660
2663 00ea 0027 00a5 003a 0041 
2668 0013 0042 00f7 	        DECLE   $013, $042, $0F7, $0F9, $000, $000, $0FD, $0E4    ; $2668
266b 00f9 0000 0000 00fd 00e4 
2670 0003 00e5 000f 	        DECLE   $003, $0E5, $00F, $0E6, $016, $0E6, $03F, $0E6    ; $2670
2673 00e6 0016 00e6 003f 00e6 
2678 006c 00e6 0076 	        DECLE   $06C, $0E6, $076, $0E6, $0AB, $0E6, $0A3, $0E6    ; $2678
267b 00e6 00ab 00e6 00a3 00e6 
2680 00af 00e6 0035 	        DECLE   $0AF, $0E6, $035, $0E5, $0C2, $0E6, $0C2, $0E6    ; $2680
2683 00e5 00c2 00e6 00c2 00e6 
2688 00c2 00e6 00a7 	        DECLE   $0C2, $0E6, $0A7, $0E6, $05F, $0E7, $043, $0E7    ; $2688
268b 00e6 005f 00e7 0043 00e7 
2690 0007 00e7 00fa 	        DECLE   $007, $0E7, $0FA, $0E6, $0D3, $0E4, $0D3, $0E4    ; $2690
2693 00e6 00d3 00e4 00d3 00e4 
2698 00d3 00e4 004c 	        DECLE   $0D3, $0E4, $04C, $049, $053, $054, $043, $04C    ; $2698
269b 0049 0053 0054 0043 004c 
26a0 004f 0044 0043 	        DECLE   $04F, $044, $043, $053, $041, $056, $044, $045    ; $26A0
26a3 0053 0041 0056 0044 0045 
26a8 004c 0020 0052 	        DECLE   $04C, $020, $052, $055, $04E, $020, $04E, $045    ; $26A8
26ab 0055 004e 0020 004e 0045 
26b0 0057 0020 0043 	        DECLE   $057, $020, $043, $056, $052, $046, $04D, $045    ; $26B0
26b3 0056 0052 0046 004d 0045 
26b8 004e 0055 0000 	        DECLE   $04E, $055, $000, $054, $04F, $04E, $045, $045    ; $26B8
26bb 0054 004f 004e 0045 0045 
26c0 004e 0056 0054 	        DECLE   $04E, $056, $054, $04E, $04F, $049, $053, $045    ; $26C0
26c3 004e 004f 0049 0053 0045 
26c8 004e 0056 004e 	        DECLE   $04E, $056, $04E, $044, $049, $053, $054, $048    ; $26C8
26cb 0044 0049 0053 0054 0048 
26d0 0055 0053 0048 	        DECLE   $055, $053, $048, $04E, $04F, $054, $045, $053    ; $26D0
26d3 004e 004f 0054 0045 0053 
26d8 0048 004f 0057 	        DECLE   $048, $04F, $057, $047, $052, $041, $042, $04F    ; $26D8
26db 0047 0052 0041 0042 004f 
26e0 0055 0054 0050 	        DECLE   $055, $054, $050, $04C, $049, $04E, $04B, $048    ; $26E0
26e3 004c 0049 004e 004b 0048 
26e8 0041 004e 0044 	        DECLE   $041, $04E, $044, $000, $058, $056, $059, $056    ; $26E8
26eb 0000 0058 0056 0059 0056 
26f0 0058 0050 0059 	        DECLE   $058, $050, $059, $050, $043, $04F, $052, $04E    ; $26F0
26f3 0050 0043 004f 0052 004e 
26f8 0056 0053 0059 	        DECLE   $056, $053, $059, $04D, $058, $053, $058, $04D    ; $26F8
26fb 004d 0058 0053 0058 004d 
2700 0046 004d 0041 	        DECLE   $046, $04D, $041, $041, $041, $042, $041, $043    ; $2700
2703 0041 0041 0042 0041 0043 
2708 0059 0053 0053 	        DECLE   $059, $053, $053, $051, $050, $043, $042, $04B    ; $2708
270b 0051 0050 0043 0042 004b 
2710 0049 0054 0041 	        DECLE   $049, $054, $041, $024, $042, $024, $043, $024    ; $2710
2713 0024 0042 0024 0043 0024 
2718 0000 002b 00e3 	        DECLE   $000, $02B, $0E3, $041, $0E3, $039, $0E3, $04F    ; $2718
271b 0041 00e3 0039 00e3 004f 
2720 00e3 0083 00e3 	        DECLE   $0E3, $083, $0E3, $0AE, $0E3, $0BE, $0E4, $05E    ; $2720
2723 00ae 00e3 00be 00e4 005e 
2728 00e4 008e 00e4 	        DECLE   $0E4, $08E, $0E4, $031, $027, $047, $0E4, $057    ; $2728
272b 0031 0027 0047 00e4 0057 
2730 00e3 0001 02bd 	        DECLE   $0E3, $001, $2BD, $019, $047, $2A8, $3B8, $080    ; $2730
2733 0019 0047 02a8 03b8 0080 
2738 0281 015e 03b9 	        DECLE   $281, $15E, $3B9, $07F, $1C8, $240, $15E, $2B7    ; $2738
273b 007f 01c8 0240 015e 02b7 
2740 0275 0284 0354 	        DECLE   $275, $284, $354, $0A3, $2FB, $02A, $004, $128    ; $2740
2743 00a3 02fb 002a 0004 0128 
2748 021a 000b 0092 	        DECLE   $21A, $00B, $092, $20C, $00B, $2B9, $010, $004    ; $2748
274b 020c 000b 02b9 0010 0004 
2750 0128 0226 0204 	        DECLE   $128, $226, $204, $008, $2F9, $004, $200, $004    ; $2750
2753 0008 02f9 0004 0200 0004 
2758 01c9 0004 0128 	        DECLE   $1C9, $004, $128, $226, $089, $204, $01B, $011    ; $2758
275b 0226 0089 0204 001b 0011 
2760 0088 03f8 00a0 	        DECLE   $088, $3F8, $0A0, $258, $00B, $009, $0F9, $2CF    ; $2760
2763 0258 000b 0009 00f9 02cf 
2768 01c6 01e2 002f 	        DECLE   $1C6, $1E2, $02F, $03F, $0DE, $1F1, $1AD, $262    ; $2768
276b 003f 00de 01f1 01ad 0262 
2770 01e9 01e9 0262 	        DECLE   $1E9, $1E9, $262, $180, $262, $090, $07E, $079    ; $2770
2773 0180 0262 0090 007e 0079 
2778 0079 0184 0004 	        DECLE   $079, $184, $004, $128, $3A0, $004, $178, $32C    ; $2778
277b 0128 03a0 0004 0178 032c 
2780 0004 0128 0293 	        DECLE   $004, $128, $293, $2B8, $082, $004, $128, $1A8    ; $2780
2783 02b8 0082 0004 0128 01a8 
2788 02b8 0082 0258 	        DECLE   $2B8, $082, $258, $00B, $004, $178, $1BE, $080    ; $2788
278b 000b 0004 0178 01be 0080 
2790 020b 022d 0004 	        DECLE   $20B, $22D, $004, $178, $0F8, $200, $233, $2A0    ; $2790
2793 0178 00f8 0200 0233 02a0 
2798 0378 000d 0204 	        DECLE   $378, $00D, $204, $22E, $258, $00B, $001, $2B8    ; $2798
279b 022e 0258 000b 0001 02b8 
27a0 0016 0006 0004 	        DECLE   $016, $006, $004, $17C, $39A, $220, $00F, $1D2    ; $27A0
27a3 017c 039a 0220 000f 01d2 
27a8 037a 0007 0204 	        DECLE   $37A, $007, $204, $21E, $004, $12C, $3B7, $378    ; $27A8
27ab 021e 0004 012c 03b7 0378 
27b0 000d 020c 0005 	        DECLE   $00D, $20C, $005, $092, $204, $209, $200, $212    ; $27B0
27b3 0092 0204 0209 0200 0212 
27b8 0378 002e 0204 	        DECLE   $378, $02E, $204, $009, $378, $02D, $204, $005    ; $27B8
27bb 0009 0378 002d 0204 0005 
27c0 0004 012c 01d2 	        DECLE   $004, $12C, $1D2, $221, $01C, $014, $00A, $272    ; $27C0
27c3 0221 001c 0014 000a 0272 
27c8 0004 01e8 02f0 	        DECLE   $004, $1E8, $2F0, $2B2, $2B8, $00D, $258, $00B    ; $27C8
27cb 02b2 02b8 000d 0258 000b 
27d0 0004 012c 03b7 	        DECLE   $004, $12C, $3B7, $378, $00D, $204, $1F3, $378    ; $27D0
27d3 0378 000d 0204 01f3 0378 
27d8 002c 022c 000a 	        DECLE   $02C, $22C, $00A, $014, $004, $128, $1A8, $220    ; $27D8
27db 0014 0004 0128 01a8 0220 
27e0 0038 0004 012c 	        DECLE   $038, $004, $12C, $024, $200, $1E4, $004, $12C    ; $27E0
27e3 0024 0200 01e4 0004 012c 
27e8 0024 0004 0128 	        DECLE   $024, $004, $128, $3A0, $2B8, $082, $004, $128    ; $27E8
27eb 03a0 02b8 0082 0004 0128 
27f0 01a8 02ba 0014 	        DECLE   $1A8, $2BA, $014, $004, $128, $3DE, $200, $1D2    ; $27F0
27f3 0004 0128 03de 0200 01d2 
27f8 0004 012c 03b7 	        DECLE   $004, $12C, $3B7, $014, $2BA, $00C, $2B8, $002    ; $27F8
27fb 0014 02ba 000c 02b8 0002 
2800 0004 01ec 03e0 	        DECLE   $004, $1EC, $3E0, $272, $004, $120, $02F, $204    ; $2800
2803 0272 0004 0120 002f 0204 
2808 000f 020b 000d 	        DECLE   $00F, $20B, $00D, $08D, $2FD, $014, $001, $2A9    ; $2808
280b 008d 02fd 0014 0001 02a9 
2810 02ba 0004 0004 	        DECLE   $2BA, $004, $004, $128, $264, $089, $20C, $00E    ; $2810
2813 0128 0264 0089 020c 000e 
2818 0001 02b9 00bb 	        DECLE   $001, $2B9, $0BB, $026, $2BA, $004, $004, $128    ; $2818
281b 0026 02ba 0004 0004 0128 
2820 0264 0089 0204 	        DECLE   $264, $089, $204, $19A, $200, $01A, $011, $065    ; $2820
2823 019a 0200 001a 0011 0065 
2828 02b2 00d1 0009 	        DECLE   $2B2, $0D1, $009, $259, $00B, $1D2, $33C, $003    ; $2828
282b 0259 000b 01d2 033c 0003 
2830 0001 02b8 0002 	        DECLE   $001, $2B8, $002, $007, $004, $17C, $39A, $00A    ; $2830
2833 0007 0004 017c 039a 000a 
2838 000c 037a 0004 	        DECLE   $00C, $37A, $004, $22C, $008, $014, $200, $18A    ; $2838
283b 022c 0008 0014 0200 018a 
2840 0011 0065 02b5 	        DECLE   $011, $065, $2B5, $220, $01A, $034, $004, $128    ; $2840
2843 0220 001a 0034 0004 0128 
2848 03a0 0004 0178 	        DECLE   $3A0, $004, $178, $32C, $001, $2BC, $087, $040    ; $2848
284b 032c 0001 02bc 0087 0040 
2850 02a0 0378 000d 	        DECLE   $2A0, $378, $00D, $204, $16A, $378, $0CB, $22B    ; $2850
2853 0204 016a 0378 00cb 022b 
2858 0008 0378 00ce 	        DECLE   $008, $378, $0CE, $223, $00C, $014, $274, $273    ; $2858
285b 0223 000c 0014 0274 0273 
2860 02a2 0285 0354 	        DECLE   $2A2, $285, $354, $2FD, $02A, $001, $2AB, $1E4    ; $2860
2863 02fd 002a 0001 02ab 01e4 
2868 0004 01ec 039f 	        DECLE   $004, $1EC, $39F, $204, $063, $22B, $006, $0A5    ; $2868
286b 0204 0063 022b 0006 00a5 
2870 02a9 0379 00a4 	        DECLE   $2A9, $379, $0A4, $22C, $00C, $2A9, $14A, $22C    ; $2870
2873 022c 000c 02a9 014a 022c 
2878 0010 0143 0204 	        DECLE   $010, $143, $204, $004, $2B3, $2B4, $200, $13F    ; $2878
287b 0004 02b3 02b4 0200 013f 
2880 0004 012c 0298 	        DECLE   $004, $12C, $298, $2B3, $2B4, $004, $128, $2B2    ; $2880
2883 02b3 02b4 0004 0128 02b2 
2888 01c0 0001 02bb 	        DECLE   $1C0, $001, $2BB, $0B4, $040, $273, $299, $379    ; $2888
288b 00b4 0040 0273 0299 0379 
2890 0080 020c 0005 	        DECLE   $080, $20C, $005, $2FB, $002, $004, $1E4, $1A2    ; $2890
2893 02fb 0002 0004 01e4 01a2 
2898 0378 0001 0203 	        DECLE   $378, $001, $203, $002, $2B8, $001, $378, $0FB    ; $2898
289b 0002 02b8 0001 0378 00fb 
28a0 020b 0002 02b8 	        DECLE   $20B, $002, $2B8, $0FA, $081, $04D, $001, $2BD    ; $28A0
28a3 00fa 0081 004d 0001 02bd 
28a8 0007 0041 0001 	        DECLE   $007, $041, $001, $2AA, $001, $2AB, $094, $0CC    ; $28A8
28ab 02aa 0001 02ab 0094 00cc 
28b0 02fc 0005 0163 	        DECLE   $2FC, $005, $163, $203, $003, $2B3, $200, $107    ; $28B0
28b3 0203 0003 02b3 0200 0107 
28b8 0282 0354 02fa 	        DECLE   $282, $354, $2FA, $02E, $292, $3BA, $01F, $33A    ; $28B8
28bb 002e 0292 03ba 001f 033a 
28c0 000b 010b 0001 	        DECLE   $00B, $10B, $001, $2BD, $004, $041, $0D5, $065    ; $28C0
28c3 02bd 0004 0041 00d5 0065 
28c8 0269 009a 0004 	        DECLE   $269, $09A, $004, $12C, $3BE, $2B3, $200, $0FA    ; $28C8
28cb 012c 03be 02b3 0200 00fa 
28d0 0001 02fa 0039 	        DECLE   $001, $2FA, $039, $040, $293, $1C0, $250, $09A    ; $28D0
28d3 0040 0293 01c0 0250 009a 
28d8 004e 0001 02bd 	        DECLE   $04E, $001, $2BD, $009, $041, $001, $2A8, $0D0    ; $28D8
28db 0009 0041 0001 02a8 00d0 
28e0 033d 0002 0268 	        DECLE   $33D, $002, $268, $040, $268, $220, $063, $034    ; $28E0
28e3 0040 0268 0220 0063 0034 
28e8 01d2 0004 0128 	        DECLE   $1D2, $004, $128, $3DE, $2A0, $378, $00D, $204    ; $28E8
28eb 03de 02a0 0378 000d 0204 
28f0 00d9 0014 0004 	        DECLE   $0D9, $014, $004, $128, $3A0, $2A0, $378, $00D    ; $28F0
28f3 0128 03a0 02a0 0378 000d 
28f8 020c 0003 0004 	        DECLE   $20C, $003, $004, $128, $10B, $378, $041, $22B    ; $28F8
28fb 0128 010b 0378 0041 022b 
2900 000b 0378 005b 	        DECLE   $00B, $378, $05B, $223, $00F, $014, $004, $128    ; $2900
2903 0223 000f 0014 0004 0128 
2908 01b6 0220 0015 	        DECLE   $1B6, $220, $015, $2B8, $00D, $258, $00B, $2A1    ; $2908
290b 02b8 000d 0258 000b 02a1 
2910 0089 0204 00b7 	        DECLE   $089, $204, $0B7, $088, $0AF, $1D2, $004, $128    ; $2910
2913 0088 00af 01d2 0004 0128 
2918 03de 0004 0128 	        DECLE   $3DE, $004, $128, $3A0, $004, $178, $32C, $004    ; $2918
291b 03a0 0004 0178 032c 0004 
2920 0178 01be 0080 	        DECLE   $178, $1BE, $080, $20B, $0A5, $004, $178, $0F8    ; $2920
2923 020b 00a5 0004 0178 00f8 
2928 0004 0128 010b 	        DECLE   $004, $128, $10B, $014, $220, $011, $004, $128    ; $2928
292b 0014 0220 0011 0004 0128 
2930 01b6 02b8 003d 	        DECLE   $1B6, $2B8, $03D, $004, $128, $1A8, $004, $128    ; $2930
2933 0004 0128 01a8 0004 0128 
2938 01f2 02b8 0054 	        DECLE   $1F2, $2B8, $054, $004, $128, $1A8, $2B8, $04F    ; $2938
293b 0004 0128 01a8 02b8 004f 
2940 0004 0128 01a8 	        DECLE   $004, $128, $1A8, $004, $128, $1F2, $2FB, $006    ; $2940
2943 0004 0128 01f2 02fb 0006 
2948 0200 0080 0004 	        DECLE   $200, $080, $004, $128, $1B6, $2FB, $002, $200    ; $2948
294b 0128 01b6 02fb 0002 0200 
2950 0079 0004 0128 	        DECLE   $079, $004, $128, $21A, $092, $204, $068, $200    ; $2950
2953 021a 0092 0204 0068 0200 
2958 0071 0004 0128 	        DECLE   $071, $004, $128, $3A0, $004, $178, $32C, $2B8    ; $2958
295b 03a0 0004 0178 032c 02b8 
2960 0084 0004 0128 	        DECLE   $084, $004, $128, $1A8, $004, $12C, $04B, $2A1    ; $2960
2963 01a8 0004 012c 004b 02a1 
2968 0379 000d 0204 	        DECLE   $379, $00D, $204, $053, $379, $081, $22B, $008    ; $2968
296b 0053 0379 0081 022b 0008 
2970 0379 0084 0223 	        DECLE   $379, $084, $223, $00C, $259, $00B, $2B8, $006    ; $2970
2973 000c 0259 000b 02b8 0006 
2978 0004 017c 039a 	        DECLE   $004, $17C, $39A, $004, $12C, $04B, $2B8, $08A    ; $2978
297b 0004 012c 004b 02b8 008a 
2980 0004 0128 01a8 	        DECLE   $004, $128, $1A8, $2B9, $018, $004, $128, $226    ; $2980
2983 02b9 0018 0004 0128 0226 
2988 0224 022d 0001 	        DECLE   $224, $22D, $001, $2BD, $0B2, $040, $2B8, $0B2    ; $2988
298b 02bd 00b2 0040 02b8 00b2 
2990 02f9 0006 0379 	        DECLE   $2F9, $006, $379, $013, $204, $029, $379, $009    ; $2990
2993 0013 0204 0029 0379 0009 
2998 0204 0004 0379 	        DECLE   $204, $004, $379, $00A, $22C, $241, $268, $220    ; $2998
299b 000a 022c 0241 0268 0220 
29a0 0244 0080 020b 	        DECLE   $244, $080, $20B, $003, $004, $120, $03B, $2B7    ; $29A0
29a3 0003 0004 0120 003b 02b7 
29a8 0275 02a1 0379 	        DECLE   $275, $2A1, $379, $00D, $204, $010, $148, $22C    ; $29A8
29ab 000d 0204 0010 0148 022c 
29b0 0007 02b8 0126 	        DECLE   $007, $2B8, $126, $004, $37C, $39B, $275, $274    ; $29B0
29b3 0004 037c 039b 0275 0274 
29b8 02a1 0379 000d 	        DECLE   $2A1, $379, $00D, $20C, $023, $2B4, $2B5, $281    ; $29B8
29bb 020c 0023 02b4 02b5 0281 
29c0 0354 02f9 002b 	        DECLE   $354, $2F9, $02B, $288, $3F8, $080, $248, $004    ; $29C0
29c3 0288 03f8 0080 0248 0004 
29c8 0128 0322 009d 	        DECLE   $128, $322, $09D, $282, $354, $2FA, $02A, $091    ; $29C8
29cb 0282 0354 02fa 002a 0091 
29d0 02f9 0002 0115 	        DECLE   $2F9, $002, $115, $24D, $095, $001, $2A8, $081    ; $29D0
29d3 024d 0095 0001 02a8 0081 
29d8 0049 0061 0224 	        DECLE   $049, $061, $224, $03A, $004, $1E0, $000, $2B7    ; $29D8
29db 003a 0004 01e0 0000 02b7 
29e0 0379 0041 022b 	        DECLE   $379, $041, $22B, $02B, $379, $05B, $223, $02F    ; $29E0
29e3 002b 0379 005b 0223 002f 
29e8 0259 000b 02b8 	        DECLE   $259, $00B, $2B8, $024, $2B5, $004, $17C, $39A    ; $29E8
29eb 0024 02b5 0004 017c 039a 
29f0 01c0 02b7 0275 	        DECLE   $1C0, $2B7, $275, $2A1, $379, $00D, $224, $039    ; $29F0
29f3 02a1 0379 000d 0224 0039 
29f8 0379 002e 0204 	        DECLE   $379, $02E, $204, $00C, $379, $02D, $204, $008    ; $29F8
29fb 000c 0379 002d 0204 0008 
2a00 0270 0088 0004 	        DECLE   $270, $088, $004, $12C, $1D2, $2B0, $201, $005    ; $2A00
2a03 012c 01d2 02b0 0201 0005 
2a08 0014 0004 01e8 	        DECLE   $014, $004, $1E8, $2F0, $2B7, $379, $041, $22B    ; $2A08
2a0b 02f0 02b7 0379 0041 022b 
2a10 001d 0379 005b 	        DECLE   $01D, $379, $05B, $223, $021, $014, $004, $128    ; $2A10
2a13 0223 0021 0014 0004 0128 
2a18 01b6 02b7 0275 	        DECLE   $1B6, $2B7, $275, $273, $004, $12C, $1AE, $2B3    ; $2A18
2a1b 0273 0004 012c 01ae 02b3 
2a20 025a 000b 0042 	        DECLE   $25A, $00B, $042, $25A, $00B, $2B7, $275, $2B8    ; $2A20
2a23 025a 000b 02b7 0275 02b8 
2a28 000e 0004 01ec 	        DECLE   $00E, $004, $1EC, $3E0, $273, $001, $2F9, $049    ; $2A28
2a2b 03e0 0273 0001 02f9 0049 
2a30 002b 0004 012c 	        DECLE   $02B, $004, $12C, $3B7, $2BA, $004, $274, $014    ; $2A30
2a33 03b7 02ba 0004 0274 0014 
2a38 0271 0004 0128 	        DECLE   $271, $004, $128, $264, $089, $204, $021, $2B5    ; $2A38
2a3b 0264 0089 0204 0021 02b5 
2a40 02b4 0015 008b 	        DECLE   $2B4, $015, $08B, $0EB, $271, $2BA, $004, $274    ; $2A40
2a43 00eb 0271 02ba 0004 0274 
2a48 0298 0378 0020 	        DECLE   $298, $378, $020, $204, $00C, $2B8, $030, $2B5    ; $2A48
2a4b 0204 000c 02b8 0030 02b5 
2a50 0274 0004 017c 	        DECLE   $274, $004, $17C, $39A, $00C, $00B, $012, $22C    ; $2A50
2a53 039a 000c 000b 0012 022c 
2a58 0010 02b4 02b1 	        DECLE   $010, $2B4, $2B1, $011, $065, $009, $2B3, $2B7    ; $2A58
2a5b 0011 0065 0009 02b3 02b7 
2a60 02b5 02b5 02b3 	        DECLE   $2B5, $2B5, $2B3, $2B7, $275, $273, $271, $08B    ; $2A60
2a63 02b7 0275 0273 0271 008b 
2a68 0274 02b4 0274 	        DECLE   $274, $2B4, $274, $1C9, $2A0, $29D, $37D, $020    ; $2A68
2a6b 01c9 02a0 029d 037d 0020 
2a70 0204 000b 0145 	        DECLE   $204, $00B, $145, $204, $008, $0D3, $10B, $29D    ; $2A70
2a73 0204 0008 00d3 010b 029d 
2a78 00ad 0204 0013 	        DECLE   $0AD, $204, $013, $220, $013, $009, $14A, $204    ; $2A78
2a7b 0220 0013 0009 014a 0204 
2a80 0003 000b 0220 	        DECLE   $003, $00B, $220, $017, $2B4, $0D4, $012, $113    ; $2A80
2a83 0017 02b4 00d4 0012 0113 
2a88 0099 02b3 0119 	        DECLE   $099, $2B3, $119, $009, $2B3, $2B7, $0A9, $2B4    ; $2A88
2a8b 0009 02b3 02b7 00a9 02b4 
2a90 02b3 02b3 02b7 	        DECLE   $2B3, $2B3, $2B7, $275, $2A0, $378, $00D, $224    ; $2A90
2a93 0275 02a0 0378 000d 0224 
2a98 00da 0081 03b9 	        DECLE   $0DA, $081, $3B9, $0C0, $379, $0C0, $20C, $005    ; $2A98
2a9b 00c0 0379 00c0 020c 0005 
2aa0 0014 0004 0128 	        DECLE   $014, $004, $128, $2B2, $2B7, $378, $041, $22B    ; $2AA0
2aa3 02b2 02b7 0378 0041 022b 
2aa8 0014 0378 005b 	        DECLE   $014, $378, $05B, $223, $018, $014, $004, $128    ; $2AA8
2aab 0223 0018 0014 0004 0128 
2ab0 01b6 02b7 0275 	        DECLE   $1B6, $2B7, $275, $2A0, $258, $00B, $2B8, $007    ; $2AB0
2ab3 02a0 0258 000b 02b8 0007 
2ab8 0040 0004 017c 	        DECLE   $040, $004, $17C, $39A, $00C, $004, $17C, $39A    ; $2AB8
2abb 039a 000c 0004 017c 039a 
2ac0 02a0 0014 0004 	        DECLE   $2A0, $014, $004, $12C, $1D2, $201, $004, $004    ; $2AC0
2ac3 012c 01d2 0201 0004 0004 
2ac8 01e8 02f0 02b7 	        DECLE   $1E8, $2F0, $2B7, $2B8, $08B, $004, $128, $1A8    ; $2AC8
2acb 02b8 008b 0004 0128 01a8 
2ad0 02a0 0378 008c 	        DECLE   $2A0, $378, $08C, $204, $02F, $378, $02E, $204    ; $2AD0
2ad3 0204 002f 0378 002e 0204 
2ad8 0013 0378 0085 	        DECLE   $013, $378, $085, $20C, $006, $014, $2B8, $02D    ; $2AD8
2adb 020c 0006 0014 02b8 002d 
2ae0 0260 0200 0009 	        DECLE   $260, $200, $009, $378, $02D, $204, $005, $004    ; $2AE0
2ae3 0378 002d 0204 0005 0004 
2ae8 012c 01d2 0201 	        DECLE   $12C, $1D2, $201, $006, $014, $004, $1E8, $2F0    ; $2AE8
2aeb 0006 0014 0004 01e8 02f0 
2af0 0200 000c 0378 	        DECLE   $200, $00C, $378, $041, $22B, $025, $378, $05B    ; $2AF0
2af3 0041 022b 0025 0378 005b 
2af8 0223 0029 0014 	        DECLE   $223, $029, $014, $004, $128, $1B6, $2B8, $08C    ; $2AF8
2afb 0004 0128 01b6 02b8 008c 
2b00 0004 0128 01a8 	        DECLE   $004, $128, $1A8, $2B7, $2B9, $041, $259, $00B    ; $2B00
2b03 02b7 02b9 0041 0259 000b 
2b08 0014 0220 000c 	        DECLE   $014, $220, $00C, $00A, $37A, $007, $20C, $095    ; $2B08
2b0b 000a 037a 0007 020c 0095 
2b10 0014 02b8 000d 	        DECLE   $014, $2B8, $00D, $260, $1C0, $260, $2B3, $2B4    ; $2B10
2b13 0260 01c0 0260 02b3 02b4 
2b18 00a2 02b7 0001 	        DECLE   $0A2, $2B7, $001, $2F9, $004, $041, $28B, $0AF    ; $2B18
2b1b 02f9 0004 0041 028b 00af 
2b20 0034 0034 0275 	        DECLE   $034, $034, $275, $001, $2BA, $064, $001, $295    ; $2B20
2b23 0001 02ba 0064 0001 0295 
2b28 02fd 0200 02a8 	        DECLE   $2FD, $200, $2A8, $001, $378, $005, $023, $204    ; $2B28
2b2b 0001 0378 0005 0023 0204 
2b30 0017 0081 0001 	        DECLE   $017, $081, $001, $3B9, $007, $036, $001, $379    ; $2B30
2b33 03b9 0007 0036 0001 0379 
2b38 0000 0022 0224 	        DECLE   $000, $022, $224, $011, $001, $3B8, $0F8, $009    ; $2B38
2b3b 0011 0001 03b8 00f8 0009 
2b40 0001 03f8 0000 	        DECLE   $001, $3F8, $000, $010, $015, $268, $220, $01D    ; $2B40
2b43 0010 0015 0268 0220 001d 
2b48 02b7 0046 004f 	        DECLE   $2B7, $046, $04F, $052, $020, $04E, $045, $058    ; $2B48
2b4b 0052 0020 004e 0045 0058 
2b50 0054 0052 0045 	        DECLE   $054, $052, $045, $04D, $020, $044, $041, $054    ; $2B50
2b53 004d 0020 0044 0041 0054 
2b58 0041 0044 0049 	        DECLE   $041, $044, $049, $04D, $020, $049, $046, $020    ; $2B58
2b5b 004d 0020 0049 0046 0020 
2b60 0020 0050 0052 	        DECLE   $020, $050, $052, $049, $04E, $045, $04E, $044    ; $2B60
2b63 0049 004e 0045 004e 0044 
2b68 0020 0047 004f 	        DECLE   $020, $047, $04F, $054, $04F, $047, $053, $055    ; $2B68
2b6b 0054 004f 0047 0053 0055 
2b70 0042 0043 004c 	        DECLE   $042, $043, $04C, $052, $020, $049, $04E, $050    ; $2B70
2b73 0052 0020 0049 004e 0050 
2b78 0055 0052 0045 	        DECLE   $055, $052, $045, $054, $020, $043, $041, $04C    ; $2B78
2b7b 0054 0020 0043 0041 004c 
2b80 004c 0053 0045 	        DECLE   $04C, $053, $045, $054, $020, $050, $055, $054    ; $2B80
2b83 0054 0020 0050 0055 0054 
2b88 0020 0047 0045 	        DECLE   $020, $047, $045, $054, $020, $052, $045, $041    ; $2B88
2b8b 0054 0020 0052 0045 0041 
2b90 0044 0049 0046 	        DECLE   $044, $049, $046, $020, $020, $000, $03C, $03D    ; $2B90
2b93 0020 0020 0000 003c 003d 
2b98 003e 0028 002d 	        DECLE   $03E, $028, $02D, $02B, $02F, $02A, $0FF, $029    ; $2B98
2b9b 002b 002f 002a 00ff 0029 
2ba0 0275 0274 01d2 	        DECLE   $275, $274, $1D2, $273, $1DB, $2A0, $378, $00D    ; $2BA0
2ba3 0273 01db 02a0 0378 000d 
2ba8 0224 0093 0378 	        DECLE   $224, $093, $378, $022, $20C, $002, $3FB, $001    ; $2BA8
2bab 0022 020c 0002 03fb 0001 
2bb0 009b 022c 000d 	        DECLE   $09B, $22C, $00D, $378, $02C, $20C, $00A, $014    ; $2BB0
2bb3 0378 002c 020c 000a 0014 
2bb8 0004 0128 01a8 	        DECLE   $004, $128, $1A8, $014, $2B8, $00D, $260, $220    ; $2BB8
2bbb 0014 02b8 000d 0260 0220 
2bc0 00b5 0001 02bd 	        DECLE   $0B5, $001, $2BD, $096, $02B, $001, $37D, $0A0    ; $2BC0
2bc3 0096 002b 0001 037d 00a0 
2bc8 002b 0224 0025 	        DECLE   $02B, $224, $025, $2A9, $141, $22C, $009, $001    ; $2BC8
2bcb 02a9 0141 022c 0009 0001 
2bd0 033d 0096 002b 	        DECLE   $33D, $096, $02B, $3FD, $080, $014, $265, $37D    ; $2BD0
2bd3 03fd 0080 0014 0265 037d 
2bd8 0084 0224 0035 	        DECLE   $084, $224, $035, $220, $0D1, $034, $275, $004    ; $2BD8
2bdb 0220 00d1 0034 0275 0004 
2be0 012c 03b7 0378 	        DECLE   $12C, $3B7, $378, $022, $20C, $022, $014, $004    ; $2BE0
2be3 0022 020c 0022 0014 0004 
2be8 0128 01a8 02a0 	        DECLE   $128, $1A8, $2A0, $378, $022, $204, $012, $378    ; $2BE8
2beb 0378 0022 0204 0012 0378 
2bf0 000d 0204 0015 	        DECLE   $00D, $204, $015, $258, $00B, $001, $2B8, $002    ; $2BF0
2bf3 0258 000b 0001 02b8 0002 
2bf8 0006 0004 017c 	        DECLE   $006, $004, $17C, $39A, $012, $204, $016, $220    ; $2BF8
2bfb 039a 0012 0204 0016 0220 
2c00 0016 0014 0004 	        DECLE   $016, $014, $004, $128, $1A8, $004, $12C, $3B7    ; $2C00
2c03 0128 01a8 0004 012c 03b7 
2c08 0378 002c 0204 	        DECLE   $378, $02C, $204, $00E, $378, $00D, $20C, $011    ; $2C08
2c0b 000e 0378 000d 020c 0011 
2c10 02a0 0080 0204 	        DECLE   $2A0, $080, $204, $00C, $014, $2B8, $001, $258    ; $2C10
2c13 000c 0014 02b8 0001 0258 
2c18 000b 02b7 0014 	        DECLE   $00B, $2B7, $014, $004, $128, $1A8, $220, $00A    ; $2C18
2c1b 0004 0128 01a8 0220 000a 
2c20 0014 0014 0220 	        DECLE   $014, $014, $220, $00E, $275, $2A0, $378, $00D    ; $2C20
2c23 000e 0275 02a0 0378 000d 
2c28 0224 026b 0378 	        DECLE   $224, $26B, $378, $041, $22B, $008, $378, $044    ; $2C28
2c2b 0041 022b 0008 0378 0044 
2c30 0223 000c 0082 	        DECLE   $223, $00C, $082, $2B8, $124, $004, $17C, $39A    ; $2C30
2c33 02b8 0124 0004 017c 039a 
2c38 02a0 0378 000d 	        DECLE   $2A0, $378, $00D, $224, $27E, $378, $024, $22C    ; $2C38
2c3b 0224 027e 0378 0024 022c 
2c40 0008 02b8 0124 	        DECLE   $008, $2B8, $124, $004, $17C, $39A, $33A, $040    ; $2C40
2c43 0004 017c 039a 033a 0040 
2c48 025a 000b 02b7 	        DECLE   $25A, $00B, $2B7, $275, $273, $1DB, $004, $178    ; $2C48
2c4b 0275 0273 01db 0004 0178 
2c50 0252 009c 02b3 	        DECLE   $252, $09C, $2B3, $224, $296, $011, $0CF, $004    ; $2C50
2c53 0224 0296 0011 00cf 0004 
2c58 0128 02b2 02b7 	        DECLE   $128, $2B2, $2B7, $004, $128, $1F2, $2B7, $275    ; $2C58
2c5b 0004 0128 01f2 02b7 0275 
2c60 0280 015d 0081 	        DECLE   $280, $15D, $081, $3B9, $008, $204, $06A, $081    ; $2C60
2c63 03b9 0008 0204 006a 0081 
2c68 03b9 0002 0204 	        DECLE   $3B9, $002, $204, $006, $3B8, $0F1, $240, $15D    ; $2C68
2c6b 0006 03b8 00f1 0240 015d 
2c70 0200 012c 0081 	        DECLE   $200, $12C, $081, $3B9, $010, $20C, $136, $3B8    ; $2C70
2c73 03b9 0010 020c 0136 03b8 
2c78 00f7 0240 015d 	        DECLE   $0F7, $240, $15D, $283, $354, $09C, $2FC, $02D    ; $2C78
2c7b 0283 0354 009c 02fc 002d 
2c80 02a1 0379 00b0 	        DECLE   $2A1, $379, $0B0, $20C, $00A, $2A1, $004, $120    ; $2C80
2c83 020c 000a 02a1 0004 0120 
2c88 03a3 009c 0004 	        DECLE   $3A3, $09C, $004, $120, $3AE, $200, $021, $09C    ; $2C88
2c8b 0120 03ae 0200 0021 009c 
2c90 0004 01e8 030c 	        DECLE   $004, $1E8, $30C, $004, $174, $1D4, $001, $2B9    ; $2C90
2c93 0004 0174 01d4 0001 02b9 
2c98 00fa 0047 028c 	        DECLE   $0FA, $047, $28C, $001, $2FC, $0AF, $040, $014    ; $2C98
2c9b 0001 02fc 00af 0040 0014 
2ca0 00a2 0004 0178 	        DECLE   $0A2, $004, $178, $08B, $281, $35C, $004, $1EC    ; $2CA0
2ca3 008b 0281 035c 0004 01ec 
2ca8 0058 02fc 0002 	        DECLE   $058, $2FC, $002, $2A0, $378, $00D, $20C, $00F    ; $2CA8
2cab 02a0 0378 000d 020c 000f 
2cb0 0280 015d 03b8 	        DECLE   $280, $15D, $3B8, $004, $204, $0E1, $2B8, $001    ; $2CB0
2cb3 0004 0204 00e1 02b8 0001 
2cb8 0001 02bd 0097 	        DECLE   $001, $2BD, $097, $02D, $275, $200, $17C, $001    ; $2CB8
2cbb 002d 0275 0200 017c 0001 
2cc0 033c 00af 0040 	        DECLE   $33C, $0AF, $040, $001, $2B9, $0FA, $047, $24C    ; $2CC0
2cc3 0001 02b9 00fa 0047 024c 
2cc8 0280 015d 03b8 	        DECLE   $280, $15D, $3B8, $0E7, $3F8, $018, $240, $15D    ; $2CC8
2ccb 00e7 03f8 0018 0240 015d 
2cd0 02b7 0081 03b9 	        DECLE   $2B7, $081, $3B9, $004, $20C, $0B3, $081, $3B9    ; $2CD0
2cd3 0004 020c 00b3 0081 03b9 
2cd8 0010 0204 0005 	        DECLE   $010, $204, $005, $3B8, $0FD, $240, $15D, $2B7    ; $2CD8
2cdb 03b8 00fd 0240 015d 02b7 
2ce0 0001 02bd 00fc 	        DECLE   $001, $2BD, $0FC, $047, $001, $2A9, $08F, $284    ; $2CE0
2ce3 0047 0001 02a9 008f 0284 
2ce8 0354 0004 012c 	        DECLE   $354, $004, $12C, $3B7, $378, $00D, $204, $0AE    ; $2CE8
2ceb 03b7 0378 000d 0204 00ae 
2cf0 0014 0001 02b9 	        DECLE   $014, $001, $2B9, $09A, $026, $2BA, $004, $004    ; $2CF0
2cf3 009a 0026 02ba 0004 0004 
2cf8 0128 0264 0089 	        DECLE   $128, $264, $089, $204, $087, $011, $065, $009    ; $2CF8
2cfb 0204 0087 0011 0065 0009 
2d00 00f9 02cf 006c 	        DECLE   $0F9, $2CF, $06C, $058, $054, $074, $07D, $2B0    ; $2D00
2d03 0058 0054 0074 007d 02b0 
2d08 0065 0008 0004 	        DECLE   $065, $008, $004, $12C, $274, $3BA, $003, $04E    ; $2D08
2d0b 012c 0274 03ba 0003 004e 
2d10 004a 008d 00d7 	        DECLE   $04A, $08D, $0D7, $001, $2BC, $09A, $026, $2BA    ; $2D10
2d13 0001 02bc 009a 0026 02ba 
2d18 0004 0200 0016 	        DECLE   $004, $200, $016, $001, $2BC, $049, $02B, $2BA    ; $2D18
2d1b 0001 02bc 0049 002b 02ba 
2d20 0004 0200 000e 	        DECLE   $004, $200, $00E, $001, $2BC, $0EC, $026, $2BA    ; $2D20
2d23 0001 02bc 00ec 0026 02ba 
2d28 0002 0200 0006 	        DECLE   $002, $200, $006, $001, $2BC, $0BB, $026, $2BA    ; $2D28
2d2b 0001 02bc 00bb 0026 02ba 
2d30 0004 0285 0354 	        DECLE   $004, $285, $354, $0AB, $2FB, $00F, $091, $2A0    ; $2D30
2d33 00ab 02fb 000f 0091 02a0 
2d38 0080 0204 000a 	        DECLE   $080, $204, $00A, $268, $011, $22C, $007, $2B9    ; $2D38
2d3b 0268 0011 022c 0007 02b9 
2d40 0020 0269 015d 	        DECLE   $020, $269, $15D, $22C, $00E, $2B9, $00D, $269    ; $2D40
2d43 022c 000e 02b9 000d 0269 
2d48 0270 0272 0274 	        DECLE   $270, $272, $274, $004, $12C, $2DE, $2B4, $2B2    ; $2D48
2d4b 0004 012c 02de 02b4 02b2 
2d50 02b0 0080 022c 	        DECLE   $2B0, $080, $22C, $022, $200, $041, $2BA, $004    ; $2D50
2d53 0022 0200 0041 02ba 0004 
2d58 0200 000f 02ba 	        DECLE   $200, $00F, $2BA, $002, $004, $17C, $0F0, $080    ; $2D58
2d5b 0002 0004 017c 00f0 0080 
2d60 0204 0035 0004 	        DECLE   $204, $035, $004, $12C, $36C, $200, $030, $2BA    ; $2D60
2d63 012c 036c 0200 0030 02ba 
2d68 0001 0004 017c 	        DECLE   $001, $004, $17C, $0F0, $200, $029, $004, $12C    ; $2D68
2d6b 00f0 0200 0029 0004 012c 
2d70 0274 0004 012c 	        DECLE   $274, $004, $12C, $1DE, $200, $021, $014, $004    ; $2D70
2d73 01de 0200 0021 0014 0004 
2d78 012c 0274 0004 	        DECLE   $12C, $274, $004, $12C, $28B, $200, $018, $004    ; $2D78
2d7b 012c 028b 0200 0018 0004 
2d80 0174 0212 0200 	        DECLE   $174, $212, $200, $013, $004, $124, $340, $200    ; $2D80
2d83 0013 0004 0124 0340 0200 
2d88 000e 0081 03b9 	        DECLE   $00E, $081, $3B9, $002, $204, $006, $3B8, $0F9    ; $2D88
2d8b 0002 0204 0006 03b8 00f9 
2d90 0240 015d 0200 	        DECLE   $240, $15D, $200, $00A, $004, $12C, $224, $284    ; $2D90
2d93 000a 0004 012c 0224 0284 
2d98 0354 02b8 006e 	        DECLE   $354, $2B8, $06E, $004, $114, $338, $280, $15D    ; $2D98
2d9b 0004 0114 0338 0280 015d 
2da0 0081 03b8 00ef 	        DECLE   $081, $3B8, $0EF, $3B9, $004, $20C, $004, $3B8    ; $2DA0
2da3 03b9 0004 020c 0004 03b8 
2da8 00fd 03f8 0010 	        DECLE   $0FD, $3F8, $010, $240, $15D, $2B7, $275, $1D2    ; $2DA8
2dab 0240 015d 02b7 0275 01d2 
2db0 02a0 0378 0020 	        DECLE   $2A0, $378, $020, $224, $004, $004, $12C, $1D2    ; $2DB0
2db3 0224 0004 0004 012c 01d2 
2db8 0201 0016 0338 	        DECLE   $201, $016, $338, $030, $083, $090, $2B9, $00A    ; $2DB8
2dbb 0030 0083 0090 02b9 000a 
2dc0 0004 011c 01dc 	        DECLE   $004, $11C, $1DC, $0DA, $2B8, $322, $004, $17C    ; $2DC0
2dc3 00da 02b8 0322 0004 017c 
2dc8 039a 02a0 0001 	        DECLE   $39A, $2A0, $001, $37A, $080, $00C, $22B, $01A    ; $2DC8
2dcb 037a 0080 000c 022b 001a 
2dd0 0014 02b7 0006 	        DECLE   $014, $2B7, $006, $378, $030, $20B, $005, $378    ; $2DD0
2dd3 0378 0030 020b 0005 0378 
2dd8 003a 0203 0001 	        DECLE   $03A, $203, $001, $0AF, $007, $0AF, $275, $004    ; $2DD8
2ddb 00af 0007 00af 0275 0004 
2de0 0174 01f2 0092 	        DECLE   $174, $1F2, $092, $20C, $005, $09B, $20C, $002    ; $2DE0
2de3 020c 0005 009b 020c 0002 
2de8 0013 0063 01e4 	        DECLE   $013, $063, $1E4, $280, $15D, $3B8, $002, $20C    ; $2DE8
2deb 0280 015d 03b8 0002 020c 
2df0 0032 0004 012c 	        DECLE   $032, $004, $12C, $20D, $004, $12C, $25A, $004    ; $2DF0
2df3 020d 0004 012c 025a 0004 
2df8 01e4 038f 02b4 	        DECLE   $1E4, $38F, $2B4, $274, $004, $178, $320, $3B9    ; $2DF8
2dfb 0274 0004 0178 0320 03b9 
2e00 0080 0204 0002 	        DECLE   $080, $204, $002, $3F8, $007, $004, $12C, $2E9    ; $2E00
2e03 03f8 0007 0004 012c 02e9 
2e08 0200 00ce 0034 	        DECLE   $200, $0CE, $034, $034, $034, $275, $004, $1EC    ; $2E08
2e0b 0034 0034 0275 0004 01ec 
2e10 039f 0048 0060 	        DECLE   $39F, $048, $060, $204, $00D, $150, $22B, $009    ; $2E10
2e13 0204 000d 0150 022b 0009 
2e18 0204 0003 0143 	        DECLE   $204, $003, $143, $20B, $005, $2B5, $272, $273    ; $2E18
2e1b 020b 0005 02b5 0272 0273 
2e20 0274 00af 02b5 	        DECLE   $274, $0AF, $2B5, $2B7, $275, $280, $102, $378    ; $2E20
2e23 02b7 0275 0280 0102 0378 
2e28 0002 020d 0001 	        DECLE   $002, $20D, $001, $2B7, $001, $2BD, $0B5, $047    ; $2E28
2e2b 02b7 0001 02bd 00b5 0047 
2e30 0001 02ac 00a4 	        DECLE   $001, $2AC, $0A4, $204, $01E, $004, $12C, $25A    ; $2E30
2e33 0204 001e 0004 012c 025a 
2e38 0004 0120 003b 	        DECLE   $004, $120, $03B, $001, $2BD, $0B5, $047, $001    ; $2E38
2e3b 0001 02bd 00b5 0047 0001 
2e40 02ac 0080 0224 	        DECLE   $2AC, $080, $224, $01E, $20B, $00D, $004, $1EC    ; $2E40
2e43 001e 020b 000d 0004 01ec 
2e48 039f 022b 0004 	        DECLE   $39F, $22B, $004, $204, $006, $1C0, $004, $120    ; $2E48
2e4b 0204 0006 01c0 0004 0120 
2e50 0156 0220 002d 	        DECLE   $156, $220, $02D, $280, $15D, $3B8, $0FB, $240    ; $2E50
2e53 0280 015d 03b8 00fb 0240 
2e58 015d 02b7 0275 	        DECLE   $15D, $2B7, $275, $014, $2A2, $285, $354, $2FD    ; $2E58
2e5b 0014 02a2 0285 0354 02fd 
2e60 002a 00ea 033c 	        DECLE   $02A, $0EA, $33C, $003, $2A0, $268, $16A, $22C    ; $2E60
2e63 0003 02a0 0268 016a 022c 
2e68 0004 01c0 0001 	        DECLE   $004, $1C0, $001, $37D, $0FA, $040, $204, $003    ; $2E68
2e6b 037d 00fa 0040 0204 0003 
2e70 0268 0220 0008 	        DECLE   $268, $220, $008, $2B7, $275, $004, $12C, $1AE    ; $2E70
2e73 02b7 0275 0004 012c 01ae 
2e78 0272 0014 02a0 	        DECLE   $272, $014, $2A0, $378, $00D, $204, $006, $378    ; $2E78
2e7b 0378 000d 0204 0006 0378 
2e80 002c 0204 0002 	        DECLE   $02C, $204, $002, $220, $00A, $004, $12C, $1AE    ; $2E80
2e83 0220 000a 0004 012c 01ae 
2e88 0093 02b2 02b7 	        DECLE   $093, $2B2, $2B7, $275, $1E4, $004, $12C, $20D    ; $2E88
2e8b 0275 01e4 0004 012c 020d 
2e90 0004 012c 0298 	        DECLE   $004, $12C, $298, $2B4, $2B3, $2B2, $220, $00B    ; $2E90
2e93 02b4 02b3 02b2 0220 000b 
2e98 0275 00a5 033d 	        DECLE   $275, $0A5, $33D, $002, $2A8, $3B8, $080, $20C    ; $2E98
2e9b 0002 02a8 03b8 0080 020c 
2ea0 0019 000d 02a8 	        DECLE   $019, $00D, $2A8, $378, $0A4, $20C, $013, $2A9    ; $2EA0
2ea3 0378 00a4 020c 0013 02a9 
2ea8 0339 00cb 0004 	        DECLE   $339, $0CB, $004, $128, $31A, $1C0, $248, $001    ; $2EA8
2eab 0128 031a 01c0 0248 0001 
2eb0 02bd 0009 0041 	        DECLE   $2BD, $009, $041, $001, $2AA, $04F, $0DA, $004    ; $2EB0
2eb3 0001 02aa 004f 00da 0004 
2eb8 012c 03be 0014 	        DECLE   $12C, $3BE, $014, $2A0, $33C, $003, $001, $2BD    ; $2EB8
2ebb 02a0 033c 0003 0001 02bd 
2ec0 0007 0041 0275 	        DECLE   $007, $041, $275, $001, $2A9, $0A5, $0C5, $169    ; $2EC0
2ec3 0001 02a9 00a5 00c5 0169 
2ec8 0204 0004 02a8 	        DECLE   $204, $004, $2A8, $260, $220, $006, $0A5, $1C0    ; $2EC8
2ecb 0260 0220 0006 00a5 01c0 
2ed0 0268 0268 02b5 	        DECLE   $268, $268, $2B5, $0A2, $26A, $042, $26A, $2B7    ; $2ED0
2ed3 00a2 026a 0042 026a 02b7 
2ed8 02b4 02b3 02b2 	        DECLE   $2B4, $2B3, $2B2, $220, $0F1, $034, $275, $001    ; $2ED8
2edb 0220 00f1 0034 0275 0001 
2ee0 02bd 00b3 0047 	        DECLE   $2BD, $0B3, $047, $001, $2A8, $004, $12C, $2E9    ; $2EE0
2ee3 0001 02a8 0004 012c 02e9 
2ee8 02b7 0275 02ba 	        DECLE   $2B7, $275, $2BA, $15E, $291, $08B, $3B9, $080    ; $2EE8
2eeb 015e 0291 008b 03b9 0080 
2ef0 0204 000f 03bb 	        DECLE   $204, $00F, $3BB, $0BD, $3FB, $040, $253, $291    ; $2EF0
2ef3 00bd 03fb 0040 0253 0291 
2ef8 03b9 0040 022c 	        DECLE   $3B9, $040, $22C, $004, $291, $3F9, $002, $251    ; $2EF8
2efb 0004 0291 03f9 0002 0251 
2f00 02b7 0284 0354 	        DECLE   $2B7, $284, $354, $2B5, $275, $270, $283, $163    ; $2F00
2f03 02b5 0275 0270 0283 0163 
2f08 02fb 0200 0004 	        DECLE   $2FB, $200, $004, $1EC, $299, $2B3, $282, $167    ; $2F08
2f0b 01ec 0299 02b3 0282 0167 
2f10 02fa 0200 0285 	        DECLE   $2FA, $200, $285, $163, $245, $164, $2FD, $200    ; $2F10
2f13 0163 0245 0164 02fd 0200 
2f18 0155 020c 0013 	        DECLE   $155, $20C, $013, $275, $274, $273, $272, $004    ; $2F18
2f1b 0275 0274 0273 0272 0004 
2f20 0178 03c7 0280 	        DECLE   $178, $3C7, $280, $164, $338, $014, $240, $164    ; $2F20
2f23 0164 0338 0014 0240 0164 
2f28 02b2 02b3 02b4 	        DECLE   $2B2, $2B3, $2B4, $2B5, $33D, $014, $2A1, $379    ; $2F28
2f2b 02b5 033d 0014 02a1 0379 
2f30 000d 0204 000b 	        DECLE   $00D, $204, $00B, $089, $204, $004, $339, $020    ; $2F30
2f33 0089 0204 0004 0339 0020 
2f38 004d 0049 01d9 	        DECLE   $04D, $049, $1D9, $269, $220, $025, $001, $2B9    ; $2F38
2f3b 0269 0220 0025 0001 02b9 
2f40 0005 0023 0269 	        DECLE   $005, $023, $269, $33D, $200, $283, $164, $11D    ; $2F40
2f43 033d 0200 0283 0164 011d 
2f48 02fb 0014 033d 	        DECLE   $2FB, $014, $33D, $015, $20B, $002, $2FB, $014    ; $2F48
2f4b 0015 020b 0002 02fb 0014 
2f50 0243 0163 02fb 	        DECLE   $243, $163, $2FB, $200, $004, $1EC, $27E, $2B7    ; $2F50
2f53 0200 0004 01ec 027e 02b7 
2f58 0001 02bc 00b1 	        DECLE   $001, $2BC, $0B1, $047, $001, $2B8, $00A, $047    ; $2F58
2f5b 0047 0001 02b8 000a 0047 
2f60 0260 0040 0260 	        DECLE   $260, $040, $260, $001, $2B8, $0E7, $02C, $2FC    ; $2F60
2f63 0001 02b8 00e7 002c 02fc 
2f68 0049 0260 0040 	        DECLE   $049, $260, $040, $260, $275, $004, $12C, $3ED    ; $2F68
2f6b 0260 0275 0004 012c 03ed 
2f70 0001 02bd 00b1 	        DECLE   $001, $2BD, $0B1, $047, $275, $001, $2A8, $270    ; $2F70
2f73 0047 0275 0001 02a8 0270 
2f78 0120 0004 0114 	        DECLE   $120, $004, $114, $338, $001, $2BC, $00D, $047    ; $2F78
2f7b 0338 0001 02bc 000d 0047 
2f80 0274 02b8 00ef 	        DECLE   $274, $2B8, $0EF, $004, $114, $338, $2B4, $2B8    ; $2F80
2f83 0004 0114 0338 02b4 02b8 
2f88 0040 0260 02fc 	        DECLE   $040, $260, $2FC, $003, $001, $37C, $05D, $047    ; $2F88
2f8b 0003 0001 037c 005d 0047 
2f90 022b 0008 0001 	        DECLE   $22B, $008, $001, $2BD, $007, $041, $0A8, $2F8    ; $2F90
2f93 02bd 0007 0041 00a8 02f8 
2f98 0004 0268 0040 	        DECLE   $004, $268, $040, $268, $2B0, $268, $040, $268    ; $2F98
2f9b 0268 02b0 0268 0040 0268 
2fa0 02b5 0040 0268 	        DECLE   $2B5, $040, $268, $040, $268, $001, $2B9, $0B7    ; $2FA0
2fa3 0040 0268 0001 02b9 00b7 
2fa8 0047 02b8 0002 	        DECLE   $047, $2B8, $002, $248, $339, $003, $2B8, $022    ; $2FA8
2fab 0248 0339 0003 02b8 0022 
2fb0 0248 02b7 0004 	        DECLE   $248, $2B7, $004, $12C, $36C, $220, $21F, $275    ; $2FB0
2fb3 012c 036c 0220 021f 0275 
2fb8 02a0 0378 0020 	        DECLE   $2A0, $378, $020, $224, $004, $2B7, $275, $001    ; $2FB8
2fbb 0224 0004 02b7 0275 0001 
2fc0 02bd 0004 0041 	        DECLE   $2BD, $004, $041, $2A9, $04D, $0CA, $001, $37D    ; $2FC0
2fc3 02a9 004d 00ca 0001 037d 
2fc8 0007 0041 022c 	        DECLE   $007, $041, $22C, $008, $001, $2BD, $004, $041    ; $2FC8
2fcb 0008 0001 02bd 0004 0041 
2fd0 0001 02bb 00fe 	        DECLE   $001, $2BB, $0FE, $040, $2A9, $04D, $10A, $00A    ; $2FD0
2fd3 0040 02a9 004d 010a 000a 
2fd8 0090 0258 0040 	        DECLE   $090, $258, $040, $00B, $258, $00B, $012, $001    ; $2FD8
2fdb 000b 0258 000b 0012 0001 
2fe0 037d 0007 0041 	        DECLE   $37D, $007, $041, $22C, $010, $001, $2BD, $009    ; $2FE0
2fe3 022c 0010 0001 02bd 0009 
2fe8 0041 026a 0042 	        DECLE   $041, $26A, $042, $26A, $2B7, $001, $2BC, $0CD    ; $2FE8
2feb 026a 02b7 0001 02bc 00cd 
2ff0 0047 0244 035c 	        DECLE   $047, $244, $35C, $001, $2BC, $085, $040, $244    ; $2FF0
2ff3 0001 02bc 0085 0040 0244 
2ff8 0354 00af 03ff 	        DECLE   $354, $0AF, $3FF, $3FF, $3FF, $3FF, $3FF, $021    ; $2FF8
2ffb 03ff 03ff 03ff 03ff 0021 

 0x7000                         ORG     $7000

 0x7000                 ECS_ROM_PAGE_1:
7000 0001 02b8 00c0 	        DECLE   $001, $2B8, $0C0, $007, $001, $2BC, $040, $040    ; $7000
7003 0007 0001 02bc 0040 0040 
7008 0004 0114 0338 	        DECLE   $004, $114, $338, $001, $2BB, $051, $02A, $001    ; $7008
700b 0001 02bb 0051 002a 0001 
7010 02ba 00ff 002f 	        DECLE   $2BA, $0FF, $02F, $253, $001, $2BB, $001, $0C0    ; $7010
7013 0253 0001 02bb 0001 00c0 
7018 0004 0120 001f 	        DECLE   $004, $120, $01F, $2A2, $37A, $1C1, $20C, $003    ; $7018
701b 02a2 037a 01c1 020c 0003 
7020 0004 03c0 0043 	        DECLE   $004, $3C0, $043, $004, $320, $000, $001, $2BB    ; $7020
7023 0004 0320 0000 0001 02bb 
7028 0001 00e0 0004 	        DECLE   $001, $0E0, $004, $120, $01F, $004, $110, $0AB    ; $7028
702b 0120 001f 0004 0110 00ab 
7030 000c 00a9 0041 	        DECLE   $00C, $0A9, $041, $3B9, $0FD, $379, $001, $204    ; $7030
7033 03b9 00fd 0379 0001 0204 
7038 0006 0001 02b8 	        DECLE   $006, $001, $2B8, $023, $071, $240, $2F0, $004    ; $7038
703b 0023 0071 0240 02f0 0004 
7040 0310 003d 0002 	        DECLE   $310, $03D, $002, $004, $114, $0F1, $280, $15E    ; $7040
7043 0004 0114 00f1 0280 015e 
7048 0240 011e 0080 	        DECLE   $240, $11E, $080, $22C, $00A, $001, $2B8, $006    ; $7048
704b 022c 000a 0001 02b8 0006 
7050 0019 0240 035d 	        DECLE   $019, $240, $35D, $280, $15F, $378, $002, $20B    ; $7050
7053 0280 015f 0378 0002 020b 
7058 0061 020e 000c 	        DECLE   $061, $20E, $00C, $004, $12C, $358, $001, $2B8    ; $7058
705b 0004 012c 0358 0001 02b8 
7060 0014 0050 0240 	        DECLE   $014, $050, $240, $2F0, $004, $112, $03D, $001    ; $7060
7063 02f0 0004 0112 003d 0001 
7068 02b8 0098 0070 	        DECLE   $2B8, $098, $070, $240, $35D, $2B8, $0E0, $240    ; $7068
706b 0240 035d 02b8 00e0 0240 
7070 015f 0004 0174 	        DECLE   $15F, $004, $174, $052, $281, $15F, $3B9, $080    ; $7070
7073 0052 0281 015f 03b9 0080 
7078 0204 0003 0004 	        DECLE   $204, $003, $004, $174, $0DF, $200, $04F, $275    ; $7078
707b 0174 00df 0200 004f 0275 
7080 0271 0281 035c 	        DECLE   $271, $281, $35C, $004, $1E0, $2F5, $04A, $0D7    ; $7080
7083 0004 01e0 02f5 004a 00d7 
7088 02b1 02b5 02b4 	        DECLE   $2B1, $2B5, $2B4, $2B7, $378, $02D, $204, $006    ; $7088
708b 02b7 0378 002d 0204 0006 
7090 0378 0085 0204 	        DECLE   $378, $085, $204, $002, $006, $0AF, $007, $0AF    ; $7090
7093 0002 0006 00af 0007 00af 
7098 0052 0074 0065 	        DECLE   $052, $074, $065, $074, $09A, $074, $0AB, $074    ; $7098
709b 0074 009a 0074 00ab 0074 
70a0 0000 0000 0275 	        DECLE   $000, $000, $275, $281, $35C, $004, $1E0, $2F5    ; $70A0
70a3 0281 035c 0004 01e0 02f5 
70a8 01c0 0092 02b7 	        DECLE   $1C0, $092, $2B7, $034, $034, $034, $034, $034    ; $70A8
70ab 0034 0034 0034 0034 0034 
70b0 0275 0281 00e0 	        DECLE   $275, $281, $0E0, $2BD, $00A, $015, $22C, $002    ; $70B0
70b3 02bd 000a 0015 022c 0002 
70b8 007d 02b7 0004 	        DECLE   $07D, $2B7, $004, $12C, $358, $004, $174, $1C7    ; $70B8
70bb 012c 0358 0004 0174 01c7 
70c0 02b8 0031 0240 	        DECLE   $2B8, $031, $240, $15D, $001, $2BD, $040, $040    ; $70C0
70c3 015d 0001 02bd 0040 0040 
70c8 0001 02a8 0080 	        DECLE   $001, $2A8, $080, $204, $001, $087, $004, $170    ; $70C8
70cb 0204 0001 0087 0004 0170 
70d0 0251 0002 0280 	        DECLE   $251, $002, $280, $102, $010, $223, $005, $281    ; $70D0
70d3 0102 0010 0223 0005 0281 
70d8 0103 0241 0102 	        DECLE   $103, $241, $102, $020, $004, $114, $27D, $004    ; $70D8
70db 0020 0004 0114 027d 0004 
70e0 0114 00f1 0004 	        DECLE   $114, $0F1, $004, $110, $1FA, $004, $114, $3D5    ; $70E0
70e3 0110 01fa 0004 0114 03d5 
70e8 0280 015e 0070 	        DECLE   $280, $15E, $070, $209, $003, $004, $170, $134    ; $70E8
70eb 0209 0003 0004 0170 0134 
70f0 0004 0118 02ad 	        DECLE   $004, $118, $2AD, $280, $15D, $3B8, $010, $204    ; $70F0
70f3 0280 015d 03b8 0010 0204 
70f8 0003 0004 01ec 	        DECLE   $003, $004, $1EC, $0AC, $280, $15D, $070, $209    ; $70F8
70fb 00ac 0280 015d 0070 0209 
7100 0003 0004 012c 	        DECLE   $003, $004, $12C, $05F, $280, $15F, $3B8, $080    ; $7100
7103 005f 0280 015f 03b8 0080 
7108 0204 0003 0004 	        DECLE   $204, $003, $004, $174, $117, $220, $03D, $0B5    ; $7108
710b 0174 0117 0220 003d 00b5 
7110 0074 001b 0071 	        DECLE   $074, $01B, $071, $06F, $071, $0D7, $074, $030    ; $7110
7113 006f 0071 00d7 0074 0030 
7118 0071 002b 0071 	        DECLE   $071, $02B, $071, $000, $000, $001, $001, $002    ; $7118
711b 0000 0000 0001 0001 0002 
7120 0003 0004 0005 	        DECLE   $003, $004, $005, $180, $190, $1A0, $1B0, $1C0    ; $7120
7123 0180 0190 01a0 01b0 01c0 
7128 01d0 01e0 01f0 	        DECLE   $1D0, $1E0, $1F0, $052, $045, $043, $053, $000    ; $7128
712b 0052 0045 0043 0053 0000 
7130 0002 0000 001b 	        DECLE   $002, $000, $01B, $070, $275, $004, $170, $15C    ; $7130
7133 0070 0275 0004 0170 015c 
7138 0280 015e 03b8 	        DECLE   $280, $15E, $3B8, $0DF, $3F8, $020, $240, $15E    ; $7138
713b 00df 03f8 0020 0240 015e 
7140 02b9 011f 0282 	        DECLE   $2B9, $11F, $282, $0FF, $3BA, $0FF, $004, $114    ; $7140
7143 00ff 03ba 00ff 0004 0114 
7148 012f 02b9 0120 	        DECLE   $12F, $2B9, $120, $282, $0FE, $3BA, $0FF, $004    ; $7148
714b 0282 00fe 03ba 00ff 0004 
7150 0114 012f 0280 	        DECLE   $114, $12F, $280, $15E, $3B8, $0DF, $240, $15E    ; $7150
7153 015e 03b8 00df 0240 015e 
7158 0004 0170 015c 	        DECLE   $004, $170, $15C, $2B7, $275, $2B8, $006, $2BA    ; $7158
715b 02b7 0275 02b8 0006 02ba 
7160 011f 0001 02bb 	        DECLE   $11F, $001, $2BB, $042, $040, $294, $29D, $255    ; $7160
7163 0042 0040 0294 029d 0255 
7168 025c 000a 000b 	        DECLE   $25C, $00A, $00B, $010, $22C, $008, $2B7, $001    ; $7168
716b 0010 022c 0008 02b7 0001 
7170 02bd 0042 0070 	        DECLE   $2BD, $042, $070, $275, $2BA, $003, $242, $0E0    ; $7170
7173 0275 02ba 0003 0242 00e0 
7178 0004 01ec 032b 	        DECLE   $004, $1EC, $32B, $2BB, $0F0, $004, $174, $1A0    ; $7178
717b 02bb 00f0 0004 0174 01a0 
7180 0001 02b9 0049 	        DECLE   $001, $2B9, $049, $040, $2B8, $023, $248, $2B8    ; $7180
7183 0040 02b8 0023 0248 02b8 
7188 0080 0240 015e 	        DECLE   $080, $240, $15E, $001, $2B8, $085, $040, $001    ; $7188
718b 0001 02b8 0085 0040 0001 
7190 02bc 004a 0040 	        DECLE   $2BC, $04A, $040, $260, $040, $260, $004, $170    ; $7190
7193 0260 0040 0260 0004 0170 
7198 0213 0001 02b8 	        DECLE   $213, $001, $2B8, $0C4, $071, $240, $35D, $2B7    ; $7198
719b 00c4 0071 0240 035d 02b7 
71a0 0031 003a 0020 	        DECLE   $031, $03A, $020, $042, $041, $053, $049, $043    ; $71A0
71a3 0042 0041 0053 0049 0043 
71a8 0000 0029 0032 	        DECLE   $000, $029, $032, $03A, $020, $043, $041, $052    ; $71A8
71ab 003a 0020 0043 0041 0052 
71b0 0054 0052 0049 	        DECLE   $054, $052, $049, $044, $047, $045, $000, $051    ; $71B0
71b3 0044 0047 0045 0000 0051 
71b8 0033 003a 0020 	        DECLE   $033, $03A, $020, $04D, $055, $053, $049, $043    ; $71B8
71bb 004d 0055 0053 0049 0043 
71c0 0000 0079 0000 	        DECLE   $000, $079, $000, $0FF, $000, $000, $0CE, $071    ; $71C0
71c3 00ff 0000 0000 00ce 0071 
71c8 0000 0000 0000 	        DECLE   $000, $000, $000, $000, $000, $000, $275, $081    ; $71C8
71cb 0000 0000 0000 0275 0081 
71d0 0009 00f9 02cf 	        DECLE   $009, $0F9, $2CF, $024, $02C, $032, $038, $00C    ; $71D0
71d3 0024 002c 0032 0038 000c 
71d8 000c 000c 0012 	        DECLE   $00C, $00C, $012, $012, $012, $025, $04D, $082    ; $71D8
71db 0012 0012 0025 004d 0082 
71e0 0008 03b8 0003 	        DECLE   $008, $3B8, $003, $200, $005, $082, $2F8, $021    ; $71E0
71e3 0200 0005 0082 02f8 0021 
71e8 03b8 0023 0001 	        DECLE   $3B8, $023, $001, $2B9, $049, $040, $248, $04E    ; $71E8
71eb 02b9 0049 0040 0248 004e 
71f0 004a 0001 03fa 	        DECLE   $04A, $001, $3FA, $080, $022, $242, $2AA, $2B7    ; $71F0
71f3 0080 0022 0242 02aa 02b7 
71f8 0004 0170 0213 	        DECLE   $004, $170, $213, $1C0, $240, $15F, $2B7, $240    ; $71F8
71fb 01c0 0240 015f 02b7 0240 
7200 015f 02b9 0037 	        DECLE   $15F, $2B9, $037, $200, $00A, $240, $15F, $2B9    ; $7200
7203 0200 000a 0240 015f 02b9 
7208 005f 0200 0004 	        DECLE   $05F, $200, $004, $240, $15F, $2B9, $087, $004    ; $7208
720b 0240 015f 02b9 0087 0004 
7210 0170 0224 02b7 	        DECLE   $170, $224, $2B7, $275, $001, $2BB, $007, $022    ; $7210
7213 0275 0001 02bb 0007 0022 
7218 0001 02b9 00a0 	        DECLE   $001, $2B9, $0A0, $071, $004, $170, $236, $2B7    ; $7218
721b 0071 0004 0170 0236 02b7 
7220 01c0 0240 015e 	        DECLE   $1C0, $240, $15E, $2B7, $001, $2B8, $000, $022    ; $7220
7223 02b7 0001 02b8 0000 0022 
7228 0240 0237 0240 	        DECLE   $240, $237, $240, $25F, $240, $287, $2F9, $200    ; $7228
722b 025f 0240 0287 02f9 0200 
7230 0001 02b8 0051 	        DECLE   $001, $2B8, $051, $022, $248, $0AF, $275, $271    ; $7230
7233 0022 0248 00af 0275 0271 
7238 0004 0174 01c7 	        DECLE   $004, $174, $1C7, $2B1, $2BA, $200, $08D, $2A8    ; $7238
723b 02b1 02ba 0200 008d 02a8 
7240 0080 022c 0003 	        DECLE   $080, $22C, $003, $2AC, $37C, $0FF, $204, $008    ; $7240
7243 02ac 037c 00ff 0204 0008 
7248 00d4 0004 0118 	        DECLE   $0D4, $004, $118, $067, $0A9, $009, $220, $010    ; $7248
724b 0067 00a9 0009 0220 0010 
7250 02b7 0275 0003 	        DECLE   $2B7, $275, $003, $001, $2B8, $061, $000, $240    ; $7250
7253 0001 02b8 0061 0000 0240 
7258 0100 0001 02b8 	        DECLE   $100, $001, $2B8, $072, $000, $240, $101, $002    ; $7258
725b 0072 0000 0240 0101 0002 
7260 02b7 0275 0004 	        DECLE   $2B7, $275, $004, $110, $126, $280, $15D, $3B8    ; $7260
7263 0110 0126 0280 015d 03b8 
7268 0020 0204 0003 	        DECLE   $020, $204, $003, $004, $178, $3E0, $280, $15E    ; $7268
726b 0004 0178 03e0 0280 015e 
7270 03b8 0008 0204 	        DECLE   $3B8, $008, $204, $003, $004, $17C, $270, $280    ; $7270
7273 0003 0004 017c 0270 0280 
7278 015e 03b8 0040 	        DECLE   $15E, $3B8, $040, $204, $003, $004, $17C, $3C0    ; $7278
727b 0204 0003 0004 017c 03c0 
7280 0280 015f 03b8 	        DECLE   $280, $15F, $3B8, $040, $204, $003, $004, $170    ; $7280
7283 0040 0204 0003 0004 0170 
7288 0293 0280 015f 	        DECLE   $293, $280, $15F, $3B8, $020, $204, $003, $004    ; $7288
728b 03b8 0020 0204 0003 0004 
7290 0170 02b8 02b7 	        DECLE   $170, $2B8, $2B7, $275, $004, $174, $05B, $001    ; $7290
7293 0275 0004 0174 005b 0001 
7298 02bb 004c 0040 	        DECLE   $2BB, $04C, $040, $09C, $09D, $2B8, $007, $0C5    ; $7298
729b 009c 009d 02b8 0007 00c5 
72a0 02a1 0269 0010 	        DECLE   $2A1, $269, $010, $22C, $004, $2B8, $040, $240    ; $72A0
72a3 022c 0004 02b8 0040 0240 
72a8 011e 02fb 0007 	        DECLE   $11E, $2FB, $007, $018, $2BC, $0FE, $260, $2A2    ; $72A8
72ab 0018 02bc 00fe 0260 02a2 
72b0 001a 0013 025a 	        DECLE   $01A, $013, $25A, $018, $060, $22C, $00B, $2B7    ; $72B0
72b3 0018 0060 022c 000b 02b7 
72b8 0275 0004 0170 	        DECLE   $275, $004, $170, $318, $004, $170, $2E0, $2B7    ; $72B8
72bb 0318 0004 0170 02e0 02b7 
72c0 0275 0001 02bb 	        DECLE   $275, $001, $2BB, $04C, $040, $0C3, $29A, $2FB    ; $72C0
72c3 004c 0040 00c3 029a 02fb 
72c8 0007 029b 01d3 	        DECLE   $007, $29B, $1D3, $09B, $2B7, $275, $1C0, $0A5    ; $72C8
72cb 009b 02b7 0275 01c0 00a5 
72d0 0001 02bc 005a 	        DECLE   $001, $2BC, $05A, $040, $365, $204, $006, $008    ; $72D0
72d3 0040 0365 0204 0006 0008 
72d8 0378 0006 022c 	        DECLE   $378, $006, $22C, $007, $2B7, $014, $0A4, $2B7    ; $72D8
72db 0007 02b7 0014 00a4 02b7 
72e0 0275 01c0 0004 	        DECLE   $275, $1C0, $004, $170, $2C0, $204, $028, $1C9    ; $72E0
72e3 0170 02c0 0204 0028 01c9 
72e8 007b 0209 001f 	        DECLE   $07B, $209, $01F, $07A, $209, $01D, $270, $272    ; $72E8
72eb 007a 0209 001d 0270 0272 
72f0 0004 0170 035d 	        DECLE   $004, $170, $35D, $2BC, $0FF, $004, $170, $2CD    ; $72F0
72f3 02bc 00ff 0004 0170 02cd 
72f8 0204 001b 0262 	        DECLE   $204, $01B, $262, $004, $170, $34E, $280, $15F    ; $72F8
72fb 0004 0170 034e 0280 015f 
7300 03b8 0080 0204 	        DECLE   $3B8, $080, $204, $002, $242, $169, $2B2, $2B0    ; $7300
7303 0002 0242 0169 02b2 02b0 
7308 0200 0001 0062 	        DECLE   $200, $001, $062, $009, $09B, $22C, $026, $008    ; $7308
730b 0009 009b 022c 0026 0008 
7310 0378 0007 022c 	        DECLE   $378, $007, $22C, $031, $2B7, $2B2, $2B0, $2B7    ; $7310
7313 0031 02b7 02b2 02b0 02b7 
7318 0275 01c0 0004 	        DECLE   $275, $1C0, $004, $170, $2C0, $204, $021, $1C9    ; $7318
731b 0170 02c0 0204 0021 01c9 
7320 007b 0209 0018 	        DECLE   $07B, $209, $018, $07A, $201, $016, $270, $272    ; $7320
7323 007a 0201 0016 0270 0272 
7328 0004 0170 035d 	        DECLE   $004, $170, $35D, $094, $004, $170, $2CD, $204    ; $7328
732b 0094 0004 0170 02cd 0204 
7330 0006 02ba 00ff 	        DECLE   $006, $2BA, $0FF, $262, $004, $170, $346, $2B2    ; $7330
7333 0262 0004 0170 0346 02b2 
7338 02b0 0200 0001 	        DECLE   $2B0, $200, $001, $062, $009, $09B, $22C, $01F    ; $7338
733b 0062 0009 009b 022c 001f 
7340 0008 0378 0007 	        DECLE   $008, $378, $007, $22C, $02A, $2B7, $275, $271    ; $7340
7343 022c 002a 02b7 0275 0271 
7348 01c9 0004 0174 	        DECLE   $1C9, $004, $174, $163, $2B1, $2B7, $275, $271    ; $7348
734b 0163 02b1 02b7 0275 0271 
7350 0004 0170 0365 	        DECLE   $004, $170, $365, $004, $174, $153, $2B9, $00C    ; $7350
7353 0004 0174 0153 02b9 000c 
7358 0004 0174 0163 	        DECLE   $004, $174, $163, $2B1, $2B7, $275, $082, $04E    ; $7358
735b 02b1 02b7 0275 0082 004e 
7360 004a 00ca 02c2 	        DECLE   $04A, $0CA, $2C2, $168, $2B7, $275, $001, $2BD    ; $7360
7363 0168 02b7 0275 0001 02bd 
7368 006f 0073 00d5 	        DECLE   $06F, $073, $0D5, $0D5, $001, $2A9, $2B7, $05D    ; $7368
736b 00d5 0001 02a9 02b7 005d 
7370 000d 009c 000c 	        DECLE   $00D, $09C, $00C, $0E7, $00B, $03C, $00B, $09B    ; $7370
7373 00e7 000b 003c 000b 009b 
7378 000a 0002 000a 	        DECLE   $00A, $002, $00A, $073, $009, $0EB, $008, $06B    ; $7378
737b 0073 0009 00eb 0008 006b 
7380 0008 00f2 0007 	        DECLE   $008, $0F2, $007, $080, $007, $014, $007, $0AE    ; $7380
7383 0080 0007 0014 0007 00ae 
7388 0006 004e 0006 	        DECLE   $006, $04E, $006, $0F4, $005, $09E, $005, $04D    ; $7388
738b 00f4 0005 009e 0005 004d 
7390 0005 0001 0005 	        DECLE   $005, $001, $005, $0B9, $004, $075, $004, $035    ; $7390
7393 00b9 0004 0075 0004 0035 
7398 0004 00f9 0003 	        DECLE   $004, $0F9, $003, $0C0, $003, $08A, $003, $057    ; $7398
739b 00c0 0003 008a 0003 0057 
73a0 0003 0027 0003 	        DECLE   $003, $027, $003, $0FA, $002, $0CF, $002, $0A7    ; $73A0
73a3 00fa 0002 00cf 0002 00a7 
73a8 0002 0081 0002 	        DECLE   $002, $081, $002, $05D, $002, $03B, $002, $01B    ; $73A8
73ab 005d 0002 003b 0002 001b 
73b0 0002 00fc 0001 	        DECLE   $002, $0FC, $001, $0E0, $001, $0C5, $001, $0AC    ; $73B0
73b3 00e0 0001 00c5 0001 00ac 
73b8 0001 0094 0001 	        DECLE   $001, $094, $001, $07D, $001, $068, $001, $053    ; $73B8
73bb 007d 0001 0068 0001 0053 
73c0 0001 0040 0001 	        DECLE   $001, $040, $001, $02E, $001, $01D, $001, $00D    ; $73C0
73c3 002e 0001 001d 0001 000d 
73c8 0001 00fe 0000 	        DECLE   $001, $0FE, $000, $0F0, $000, $0E2, $000, $0D6    ; $73C8
73cb 00f0 0000 00e2 0000 00d6 
73d0 0000 00ca 0000 	        DECLE   $000, $0CA, $000, $0BE, $000, $0B4, $000, $0AA    ; $73D0
73d3 00be 0000 00b4 0000 00aa 
73d8 0000 00a0 0000 	        DECLE   $000, $0A0, $000, $097, $000, $08F, $000, $087    ; $73D8
73db 0097 0000 008f 0000 0087 
73e0 0000 007f 0000 	        DECLE   $000, $07F, $000, $078, $000, $071, $000, $06B    ; $73E0
73e3 0078 0000 0071 0000 006b 
73e8 0000 0065 0000 	        DECLE   $000, $065, $000, $05F, $000, $05A, $000, $055    ; $73E8
73eb 005f 0000 005a 0000 0055 
73f0 0000 0050 0000 	        DECLE   $000, $050, $000, $04C, $000, $047, $000, $043    ; $73F0
73f3 004c 0000 0047 0000 0043 
73f8 0000 0040 0000 	        DECLE   $000, $040, $000, $03C, $000, $039, $000, $035    ; $73F8
73fb 003c 0000 0039 0000 0035 
7400 0000 0032 0000 	        DECLE   $000, $032, $000, $030, $000, $02D, $000, $02A    ; $7400
7403 0030 0000 002d 0000 002a 
7408 0000 0028 0000 	        DECLE   $000, $028, $000, $026, $000, $024, $000, $022    ; $7408
740b 0026 0000 0024 0000 0022 
7410 0000 0020 0000 	        DECLE   $000, $020, $000, $01E, $000, $01C, $000, $01B    ; $7410
7413 001e 0000 001c 0000 001b 
7418 0000 0019 0000 	        DECLE   $000, $019, $000, $018, $000, $016, $000, $015    ; $7418
741b 0018 0000 0016 0000 0015 
7420 0000 0014 0000 	        DECLE   $000, $014, $000, $013, $000, $012, $000, $011    ; $7420
7423 0013 0000 0012 0000 0011 
7428 0000 0010 0000 	        DECLE   $000, $010, $000, $00F, $000, $00E, $000, $275    ; $7428
742b 000f 0000 000e 0000 0275 
7430 02b8 000e 0001 	        DECLE   $2B8, $00E, $001, $2BC, $04C, $040, $004, $114    ; $7430
7433 02bc 004c 0040 0004 0114 
7438 0338 02b8 0006 	        DECLE   $338, $2B8, $006, $2B9, $0FF, $001, $2BC, $05A    ; $7438
743b 02b9 00ff 0001 02bc 005a 
7440 0040 0004 0114 	        DECLE   $040, $004, $114, $341, $2BB, $1F0, $004, $174    ; $7440
7443 0341 02bb 01f0 0004 0174 
7448 01a0 02bb 00f0 	        DECLE   $1A0, $2BB, $0F0, $004, $174, $1A0, $004, $174    ; $7448
744b 0004 0174 01a0 0004 0174 
7450 005b 02b7 0275 	        DECLE   $05B, $2B7, $275, $2B9, $00C, $241, $168, $004    ; $7450
7453 02b9 000c 0241 0168 0004 
7458 0174 002f 02b7 	        DECLE   $174, $02F, $2B7, $275, $2BB, $0F8, $299, $3B9    ; $7458
745b 0275 02bb 00f8 0299 03b9 
7460 003f 03f9 0040 	        DECLE   $03F, $3F9, $040, $259, $2B7, $275, $378, $006    ; $7460
7463 0259 02b7 0275 0378 0006 
7468 020e 002f 0281 	        DECLE   $20E, $02F, $281, $168, $048, $0C7, $200, $029    ; $7468
746b 0168 0048 00c7 0200 0029 
7470 0200 000a 0200 	        DECLE   $200, $00A, $200, $025, $200, $009, $200, $00A    ; $7470
7473 0025 0200 0009 0200 000a 
7478 0200 001f 0200 	        DECLE   $200, $01F, $200, $00A, $009, $200, $00F, $011    ; $7478
747b 000a 0009 0200 000f 0011 
7480 0200 0006 02f9 	        DECLE   $200, $006, $2F9, $00C, $200, $008, $339, $00C    ; $7480
7483 000c 0200 0008 0339 000c 
7488 0089 0203 0009 	        DECLE   $089, $203, $009, $1C9, $200, $006, $379, $030    ; $7488
748b 01c9 0200 0006 0379 0030 
7490 0206 0002 02b9 	        DECLE   $206, $002, $2B9, $030, $241, $168, $004, $174    ; $7490
7493 0030 0241 0168 0004 0174 
7498 002f 02b7 0275 	        DECLE   $02F, $2B7, $275, $080, $20B, $00C, $281, $168    ; $7498
749b 0080 020b 000c 0281 0168 
74a0 0009 0379 0030 	        DECLE   $009, $379, $030, $20D, $005, $241, $168, $004    ; $74A0
74a3 020d 0005 0241 0168 0004 
74a8 0174 002f 02b7 	        DECLE   $174, $02F, $2B7, $275, $080, $22B, $004, $281    ; $74A8
74ab 0275 0080 022b 0004 0281 
74b0 0168 0011 0223 	        DECLE   $168, $011, $223, $00E, $2B7, $001, $001, $001    ; $74B0
74b3 000e 02b7 0001 0001 0001 
74b8 0001 0001 0001 	        DECLE   $001, $001, $001, $001, $001, $001, $001, $001    ; $74B8
74bb 0001 0001 0001 0001 0001 
74c0 0007 000f 000f 	        DECLE   $007, $00F, $00F, $00E, $000, $001, $001, $001    ; $74C0
74c3 000e 0000 0001 0001 0001 
74c8 0001 0001 0001 	        DECLE   $001, $001, $001, $011, $059, $071, $0D9, $071    ; $74C8
74cb 0011 0059 0071 00d9 0071 
74d0 00d7 004f 000f 	        DECLE   $0D7, $04F, $00F, $00E, $000, $000, $000, $000    ; $74D0
74d3 000e 0000 0000 0000 0000 
74d8 0000 0000 00ff 	        DECLE   $000, $000, $0FF, $000, $000, $000, $0FF, $275    ; $74D8
74db 0000 0000 0000 00ff 0275 
74e0 02b8 00f0 02b9 	        DECLE   $2B8, $0F0, $2B9, $006, $041, $2BC, $200, $004    ; $74E0
74e3 0006 0041 02bc 0200 0004 
74e8 0114 0341 02bc 	        DECLE   $114, $341, $2BC, $23C, $2B9, $00E, $041, $2B8    ; $74E8
74eb 023c 02b9 000e 0041 02b8 
74f0 0064 0004 0114 	        DECLE   $064, $004, $114, $341, $2BD, $264, $2F9, $008    ; $74F0
74f3 0341 02bd 0264 02f9 0008 
74f8 0261 0269 037c 	        DECLE   $261, $269, $37C, $2B4, $22C, $005, $001, $2B8    ; $74F8
74fb 02b4 022c 0005 0001 02b8 
7500 0041 0090 0001 	        DECLE   $041, $090, $001, $2B9, $0D4, $074, $2BC, $31D    ; $7500
7503 02b9 00d4 0074 02bc 031d 
7508 02ba 00ff 0242 	        DECLE   $2BA, $0FF, $242, $169, $260, $261, $262, $2FC    ; $7508
750b 0169 0260 0261 0262 02fc 
7510 0005 037c 035d 	        DECLE   $005, $37C, $35D, $22C, $008, $200, $037, $275    ; $7510
7513 022c 0008 0200 0037 0275 
7518 02b8 00ff 0283 	        DECLE   $2B8, $0FF, $283, $169, $143, $204, $033, $240    ; $7518
751b 0169 0143 0204 0033 0240 
7520 0169 0204 002f 	        DECLE   $169, $204, $02F, $284, $324, $280, $16A, $2F8    ; $7520
7523 0284 0324 0280 016a 02f8 
7528 0011 0240 016a 	        DECLE   $011, $240, $16A, $078, $2F8, $00C, $040, $260    ; $7528
752b 0078 02f8 000c 0040 0260 
7530 02b9 0069 0339 	        DECLE   $2B9, $069, $339, $00E, $33B, $00C, $22D, $005    ; $7530
7533 000e 033b 000c 022d 0005 
7538 02fb 0007 020b 	        DECLE   $2FB, $007, $20B, $001, $00B, $2FB, $005, $07B    ; $7538
753b 0001 000b 02fb 0005 007b 
7540 01c0 0050 004b 	        DECLE   $1C0, $050, $04B, $119, $041, $261, $00C, $260    ; $7540
7543 0119 0041 0261 000c 0260 
7548 02fc 0004 037c 	        DECLE   $2FC, $004, $37C, $35F, $20C, $002, $2BC, $31F    ; $7548
754b 035f 020c 0002 02bc 031f 
7550 0244 0324 02b7 	        DECLE   $244, $324, $2B7, $275, $270, $273, $004, $174    ; $7550
7553 0275 0270 0273 0004 0174 
7558 0194 00c3 0259 	        DECLE   $194, $0C3, $259, $041, $2FB, $004, $259, $041    ; $7558
755b 0041 02fb 0004 0259 0041 
7560 02b3 02b0 02b7 	        DECLE   $2B3, $2B0, $2B7, $275, $270, $273, $004, $174    ; $7560
7563 0275 0270 0273 0004 0174 
7568 0194 02fb 000b 	        DECLE   $194, $2FB, $00B, $0C3, $259, $2B3, $2B0, $2B7    ; $7568
756b 00c3 0259 02b3 02b0 02b7 
7570 0275 0270 0273 	        DECLE   $275, $270, $273, $274, $004, $174, $194, $09C    ; $7570
7573 0274 0004 0174 0194 009c 
7578 02fc 0003 0262 	        DECLE   $2FC, $003, $262, $042, $09C, $2FC, $007, $262    ; $7578
757b 0042 009c 02fc 0007 0262 
7580 0042 02fb 000a 	        DECLE   $042, $2FB, $00A, $259, $2B4, $2B3, $2B0, $2B7    ; $7580
7583 0259 02b4 02b3 02b0 02b7 
7588 0275 0270 0273 	        DECLE   $275, $270, $273, $004, $174, $194, $2FB, $009    ; $7588
758b 0004 0174 0194 02fb 0009 
7590 0259 02b3 02b0 	        DECLE   $259, $2B3, $2B0, $2B7, $378, $003, $20B, $005    ; $7590
7593 02b7 0378 0003 020b 0005 
7598 02bb 00f0 0338 	        DECLE   $2BB, $0F0, $338, $003, $0AF, $2BB, $1F0, $0AF    ; $7598
759b 0003 00af 02bb 01f0 00af 
75a0 0275 0270 0273 	        DECLE   $275, $270, $273, $274, $2B8, $00E, $09C, $004    ; $75A0
75a3 0274 02b8 000e 009c 0004 
75a8 0114 0338 02fb 	        DECLE   $114, $338, $2FB, $008, $2B8, $038, $258, $2B4    ; $75A8
75ab 0008 02b8 0038 0258 02b4 
75b0 02b3 02b0 02b7 	        DECLE   $2B3, $2B0, $2B7, $275, $004, $1EC, $3B8, $284    ; $75B0
75b3 0275 0004 01ec 03b8 0284 
75b8 0166 0280 0167 	        DECLE   $166, $280, $167, $120, $2F8, $014, $2FC, $200    ; $75B8
75bb 0120 02f8 0014 02fc 0200 
75c0 02b9 0022 0041 	        DECLE   $2B9, $022, $041, $004, $114, $341, $2B7, $275    ; $75C0
75c3 0004 0114 0341 02b7 0275 
75c8 0001 02b9 0000 	        DECLE   $001, $2B9, $000, $022, $2BC, $200, $2B8, $0F0    ; $75C8
75cb 0022 02bc 0200 02b8 00f0 
75d0 0004 0114 0341 	        DECLE   $004, $114, $341, $2B7, $275, $281, $35C, $2F9    ; $75D0
75d3 02b7 0275 0281 035c 02f9 
75d8 0004 0288 03b8 	        DECLE   $004, $288, $3B8, $080, $204, $013, $339, $004    ; $75D8
75db 0080 0204 0013 0339 0004 
75e0 0288 0001 02bd 	        DECLE   $288, $001, $2BD, $0D4, $047, $0AB, $268, $1C0    ; $75E0
75e3 00d4 0047 00ab 0268 01c0 
75e8 0268 0268 02b8 	        DECLE   $268, $268, $2B8, $001, $268, $1C0, $004, $1E0    ; $75E8
75eb 0001 0268 01c0 0004 01e0 
75f0 0059 02b7 02b9 	        DECLE   $059, $2B7, $2B9, $011, $241, $0E0, $001, $2B9    ; $75F0
75f3 0011 0241 00e0 0001 02b9 
75f8 0049 0040 0289 	        DECLE   $049, $040, $289, $241, $0E2, $1C0, $001, $2B9    ; $75F8
75fb 0241 00e2 01c0 0001 02b9 
7600 0048 0040 0248 	        DECLE   $048, $040, $248, $0AF, $0A3, $299, $379, $0A0    ; $7600
7603 00af 00a3 0299 0379 00a0 
7608 020c 0007 0013 	        DECLE   $20C, $007, $013, $299, $339, $008, $0CB, $1C9    ; $7608
760b 0299 0339 0008 00cb 01c9 
7610 0259 00af 0275 	        DECLE   $259, $0AF, $275, $1E4, $2B9, $0A0, $004, $174    ; $7610
7613 01e4 02b9 00a0 0004 0174 
7618 02a1 0080 0204 	        DECLE   $2A1, $080, $204, $00C, $0A5, $00D, $2A9, $2BB    ; $7618
761b 000c 00a5 000d 02a9 02bb 
7620 00a1 01d2 00a0 	        DECLE   $0A1, $1D2, $0A0, $004, $174, $2B0, $220, $013    ; $7620
7623 0004 0174 02b0 0220 0013 
7628 01e4 02b9 00a1 	        DECLE   $1E4, $2B9, $0A1, $004, $174, $2A1, $080, $204    ; $7628
762b 0004 0174 02a1 0080 0204 
7630 000c 00a5 000d 	        DECLE   $00C, $0A5, $00D, $2A9, $2BB, $0A0, $082, $1C0    ; $7630
7633 02a9 02bb 00a0 0082 01c0 
7638 0004 0174 02b0 	        DECLE   $004, $174, $2B0, $220, $013, $1E4, $2B9, $0A8    ; $7638
763b 0220 0013 01e4 02b9 00a8 
7640 0004 0174 0322 	        DECLE   $004, $174, $322, $2B9, $0A9, $004, $174, $322    ; $7640
7643 02b9 00a9 0004 0174 0322 
7648 02b9 00b2 0004 	        DECLE   $2B9, $0B2, $004, $174, $322, $1E4, $004, $1EC    ; $7648
764b 0174 0322 01e4 0004 01ec 
7650 039f 0080 0204 	        DECLE   $39F, $080, $204, $00D, $223, $007, $082, $04A    ; $7650
7653 000d 0223 0007 0082 004a 
7658 0062 01db 0274 	        DECLE   $062, $1DB, $274, $004, $12C, $1DE, $2B4, $220    ; $7658
765b 0004 012c 01de 02b4 0220 
7660 0012 01e4 0004 	        DECLE   $012, $1E4, $004, $1EC, $39F, $080, $204, $022    ; $7660
7663 01ec 039f 0080 0204 0022 
7668 022b 0007 00a3 	        DECLE   $22B, $007, $0A3, $001, $2BD, $0B5, $047, $26B    ; $7668
766b 0001 02bd 00b5 0047 026b 
7670 0043 026b 0004 	        DECLE   $043, $26B, $004, $174, $204, $280, $15D, $3B8    ; $7670
7673 0174 0204 0280 015d 03b8 
7678 00fb 03f8 0004 	        DECLE   $0FB, $3F8, $004, $240, $15D, $001, $2B9, $0C2    ; $7678
767b 0240 015d 0001 02b9 00c2 
7680 0047 01c0 0248 	        DECLE   $047, $1C0, $248, $1E4, $004, $174, $28B, $004    ; $7680
7683 01e4 0004 0174 028b 0004 
7688 0174 0292 02b7 	        DECLE   $174, $292, $2B7, $275, $2B9, $0A3, $004, $174    ; $7688
768b 0275 02b9 00a3 0004 0174 
7690 02a1 02b7 0275 	        DECLE   $2A1, $2B7, $275, $080, $204, $001, $0A0, $001    ; $7690
7693 0080 0204 0001 00a0 0001 
7698 02bd 00e9 0047 	        DECLE   $2BD, $0E9, $047, $268, $040, $268, $1C0, $268    ; $7698
769b 0268 0040 0268 01c0 0268 
76a0 02b7 0275 0004 	        DECLE   $2B7, $275, $004, $1EC, $39F, $22B, $004, $204    ; $76A0
76a3 01ec 039f 022b 0004 0204 
76a8 0005 00a5 02aa 	        DECLE   $005, $0A5, $2AA, $14A, $22C, $00B, $080, $2B7    ; $76A8
76ab 014a 022c 000b 0080 02b7 
76b0 0275 0274 0084 	        DECLE   $275, $274, $084, $37B, $0A0, $20C, $002, $1C0    ; $76B0
76b3 037b 00a0 020c 0002 01c0 
76b8 0270 0004 01ec 	        DECLE   $270, $004, $1EC, $39F, $080, $22B, $005, $142    ; $76B8
76bb 039f 0080 022b 0005 0142 
76c0 0204 0047 00a5 	        DECLE   $204, $047, $0A5, $2A8, $158, $204, $00E, $37B    ; $76C0
76c3 02a8 0158 0204 000e 037b 
76c8 00a1 022c 0011 	        DECLE   $0A1, $22C, $011, $378, $0A0, $22C, $015, $2A8    ; $76C8
76cb 0378 00a0 022c 0015 02a8 
76d0 0141 0204 0036 	        DECLE   $141, $204, $036, $220, $01B, $2A8, $141, $22C    ; $76D0
76d3 0220 001b 02a8 0141 022c 
76d8 001f 037b 00a1 	        DECLE   $01F, $37B, $0A1, $20C, $041, $274, $004, $1EC    ; $76D8
76db 020c 0041 0274 0004 01ec 
76e0 039f 0080 0204 	        DECLE   $39F, $080, $204, $018, $22B, $007, $0A5, $2A8    ; $76E0
76e3 0018 022b 0007 00a5 02a8 
76e8 02aa 0378 00a0 	        DECLE   $2AA, $378, $0A0, $20C, $003, $151, $204, $00C    ; $76E8
76eb 020c 0003 0151 0204 000c 
76f0 0378 00a1 022c 	        DECLE   $378, $0A1, $22C, $015, $151, $22C, $018, $004    ; $76F0
76f3 0015 0151 022c 0018 0004 
76f8 0174 0314 0220 	        DECLE   $174, $314, $220, $01D, $2B4, $0A0, $2B4, $0A5    ; $76F8
76fb 001d 02b4 00a0 02b4 00a5 
7700 0015 02a9 0339 	        DECLE   $015, $2A9, $339, $005, $0CD, $268, $040, $268    ; $7700
7703 0005 00cd 0268 0040 0268 
7708 02b7 037b 00a0 	        DECLE   $2B7, $37B, $0A0, $20C, $004, $2B4, $0A4, $22C    ; $7708
770b 020c 0004 02b4 00a4 022c 
7710 0013 02b4 0200 	        DECLE   $013, $2B4, $200, $001, $275, $0A5, $33D, $002    ; $7710
7713 0001 0275 00a5 033d 0002 
7718 02a8 03f8 0080 	        DECLE   $2A8, $3F8, $080, $015, $268, $2B7, $2B5, $274    ; $7718
771b 0015 0268 02b7 02b5 0274 
7720 0220 0068 0275 	        DECLE   $220, $068, $275, $1E4, $271, $2B1, $271, $004    ; $7720
7723 01e4 0271 02b1 0271 0004 
7728 0174 02a1 0204 	        DECLE   $174, $2A1, $204, $01D, $274, $0A5, $015, $2A9    ; $7728
772b 001d 0274 00a5 0015 02a9 
7730 00cd 033d 0005 	        DECLE   $0CD, $33D, $005, $001, $2AA, $1E4, $004, $1EC    ; $7730
7733 0001 02aa 01e4 0004 01ec 
7738 039f 0204 0006 	        DECLE   $39F, $204, $006, $142, $22C, $007, $2B4, $220    ; $7738
773b 0142 022c 0007 02b4 0220 
7740 001b 02b4 0004 	        DECLE   $01B, $2B4, $004, $174, $314, $2B5, $2B5, $220    ; $7740
7743 0174 0314 02b5 02b5 0220 
7748 010b 02b5 02b7 	        DECLE   $10B, $2B5, $2B7, $275, $0A2, $33A, $006, $001    ; $7748
774b 0275 00a2 033a 0006 0001 
7750 037a 00af 0040 	        DECLE   $37A, $0AF, $040, $204, $005, $290, $378, $080    ; $7750
7753 0204 0005 0290 0378 0080 
7758 0224 000c 02fa 	        DECLE   $224, $00C, $2FA, $005, $290, $378, $082, $204    ; $7758
775b 0005 0290 0378 0082 0204 
7760 0008 0378 000d 	        DECLE   $008, $378, $00D, $204, $004, $378, $001, $22C    ; $7760
7763 0204 0004 0378 0001 022c 
7768 001b 0095 000d 	        DECLE   $01B, $095, $00D, $1C9, $08A, $090, $2AB, $37B    ; $7768
776b 01c9 008a 0090 02ab 037b 
7770 0080 020c 000d 	        DECLE   $080, $20C, $00D, $2AB, $09B, $204, $005, $091    ; $7770
7773 02ab 009b 0204 0005 0091 
7778 00aa 0012 0012 	        DECLE   $0AA, $012, $012, $008, $2FD, $004, $200, $027    ; $7778
777b 0008 02fd 0004 0200 0027 
7780 03bb 00c0 037b 	        DECLE   $3BB, $0C0, $37B, $0C0, $20C, $00D, $091, $0AA    ; $7780
7783 00c0 020c 000d 0091 00aa 
7788 0012 0008 02ab 	        DECLE   $012, $008, $2AB, $37B, $080, $20C, $012, $2FD    ; $7788
778b 037b 0080 020c 0012 02fd 
7790 0005 0200 000e 	        DECLE   $005, $200, $00E, $015, $2AB, $37B, $041, $20B    ; $7790
7793 0015 02ab 037b 0041 020b 
7798 0008 037b 005b 	        DECLE   $008, $37B, $05B, $203, $004, $091, $0AA, $012    ; $7798
779b 0203 0004 0091 00aa 0012 
77a0 0008 02ab 037b 	        DECLE   $008, $2AB, $37B, $02D, $204, $001, $015, $16C    ; $77A0
77a3 002d 0204 0001 0015 016c 
77a8 022c 003b 0092 	        DECLE   $22C, $03B, $092, $20C, $001, $08A, $378, $002    ; $77A8
77ab 020c 0001 008a 0378 0002 
77b0 020b 0020 02b8 	        DECLE   $20B, $020, $2B8, $002, $093, $004, $178, $0D8    ; $77B0
77b3 0002 0093 0004 0178 00d8 
77b8 015c 0204 0005 	        DECLE   $15C, $204, $005, $010, $020, $094, $010, $2B7    ; $77B8
77bb 0010 0020 0094 0010 02b7 
77c0 008b 0004 0178 	        DECLE   $08B, $004, $178, $0D8, $15A, $204, $001, $010    ; $77C0
77c3 00d8 015a 0204 0001 0010 
77c8 0080 0224 000c 	        DECLE   $080, $224, $00C, $378, $002, $22C, $011, $08C    ; $77C8
77cb 0378 0002 022c 0011 008c 
77d0 0220 0013 0378 	        DECLE   $220, $013, $378, $001, $22C, $00D, $093, $004    ; $77D0
77d3 0001 022c 000d 0093 0004 
77d8 0178 00d8 015c 	        DECLE   $178, $0D8, $15C, $224, $014, $220, $022, $275    ; $77D8
77db 0224 0014 0220 0022 0275 
77e0 00a5 01c0 02a9 	        DECLE   $0A5, $1C0, $2A9, $379, $00D, $204, $011, $379    ; $77E0
77e3 0379 000d 0204 0011 0379 
77e8 0080 020c 0004 	        DECLE   $080, $20C, $004, $2FD, $005, $220, $00C, $3B9    ; $77E8
77eb 02fd 0005 0220 000c 03b9 
77f0 00e0 0379 0080 	        DECLE   $0E0, $379, $080, $22C, $012, $008, $015, $0AC    ; $77F0
77f3 022c 0012 0008 0015 00ac 
77f8 02b7 0275 02a0 	        DECLE   $2B7, $275, $2A0, $378, $080, $20C, $007, $1C0    ; $77F8
77fb 0378 0080 020c 0007 01c0 
7800 0260 00a2 02fc 	        DECLE   $260, $0A2, $2FC, $004, $200, $04B, $081, $3B8    ; $7800
7803 0004 0200 004b 0081 03b8 
7808 00c0 0378 00c0 	        DECLE   $0C0, $378, $0C0, $20C, $03C, $014, $1C0, $260    ; $7808
780b 020c 003c 0014 01c0 0260 
7810 02a0 0378 0080 	        DECLE   $2A0, $378, $080, $20C, $02B, $1C0, $260, $0A2    ; $7810
7813 020c 002b 01c0 0260 00a2 
7818 02fc 0004 0274 	        DECLE   $2FC, $004, $274, $2B8, $001, $270, $3B9, $03F    ; $7818
781b 02b8 0001 0270 03b9 003f 
7820 02bb 0016 02b8 	        DECLE   $2BB, $016, $2B8, $008, $004, $1EC, $3E0, $159    ; $7820
7823 0008 0004 01ec 03e0 0159 
7828 020b 0009 0119 	        DECLE   $20B, $009, $119, $285, $2F0, $2FD, $00A, $001    ; $7828
782b 0285 02f0 02fd 000a 0001 
7830 02ac 0200 0004 	        DECLE   $2AC, $200, $004, $001, $2BC, $06E, $026, $049    ; $7830
7833 0001 02bc 006e 0026 0049 
7838 00cc 0001 02a3 	        DECLE   $0CC, $001, $2A3, $2B0, $09F, $2B4, $200, $011    ; $7838
783b 02b0 009f 02b4 0200 0011 
7840 0014 00a2 0004 	        DECLE   $014, $0A2, $004, $178, $08B, $1C0, $260, $220    ; $7840
7843 0178 008b 01c0 0260 0220 
7848 002e 00a2 0012 	        DECLE   $02E, $0A2, $012, $093, $004, $178, $08B, $1C0    ; $7848
784b 0093 0004 0178 008b 01c0 
7850 0258 02a0 0378 	        DECLE   $258, $2A0, $378, $02D, $20C, $01D, $095, $00D    ; $7850
7853 002d 020c 001d 0095 000d 
7858 00a9 02f9 0003 	        DECLE   $0A9, $2F9, $003, $2A8, $080, $20C, $005, $169    ; $7858
785b 02a8 0080 020c 0005 0169 
7860 022c 0006 0200 	        DECLE   $22C, $006, $200, $00F, $091, $001, $2BA, $0DB    ; $7860
7863 000f 0091 0001 02ba 00db 
7868 0047 0004 01ec 	        DECLE   $047, $004, $1EC, $058, $33A, $004, $291, $3F9    ; $7868
786b 0058 033a 0004 0291 03f9 
7870 0080 0251 000c 	        DECLE   $080, $251, $00C, $014, $2A0, $080, $224, $003    ; $7870
7873 0014 02a0 0080 0224 0003 
7878 0378 000d 0204 	        DECLE   $378, $00D, $204, $00D, $378, $080, $20C, $009    ; $7878
787b 000d 0378 0080 020c 0009 
7880 02a0 0080 020c 	        DECLE   $2A0, $080, $20C, $004, $2FC, $004, $220, $013    ; $7880
7883 0004 02fc 0004 0220 0013 
7888 0014 0014 02b7 	        DECLE   $014, $014, $2B7, $275, $292, $33A, $041, $04E    ; $7888
788b 0275 0292 033a 0041 004e 
7890 0001 02fa 000d 	        DECLE   $001, $2FA, $00D, $047, $2B7, $275, $3BA, $01F    ; $7890
7893 0047 02b7 0275 03ba 001f 
7898 033a 0005 000a 	        DECLE   $33A, $005, $00A, $0FA, $2D7, $004, $009, $00C    ; $7898
789b 00fa 02d7 0004 0009 000c 
78a0 000f 02b8 0001 	        DECLE   $00F, $2B8, $001, $004, $3E0, $05A, $1C0, $220    ; $78A0
78a3 0004 03e0 005a 01c0 0220 
78a8 0005 0004 03e0 	        DECLE   $005, $004, $3E0, $268, $004, $3E0, $0BC, $275    ; $78A8
78ab 0268 0004 03e0 00bc 0275 
78b0 0001 02bc 00b2 	        DECLE   $001, $2BC, $0B2, $040, $2A0, $3B8, $0C0, $378    ; $78B0
78b3 0040 02a0 03b8 00c0 0378 
78b8 00c0 0204 000a 	        DECLE   $0C0, $204, $00A, $014, $004, $174, $3F9, $281    ; $78B8
78bb 0014 0004 0174 03f9 0281 
78c0 035c 0004 01ec 	        DECLE   $35C, $004, $1EC, $058, $2B7, $0A2, $014, $291    ; $78C0
78c3 0058 02b7 00a2 0014 0291 
78c8 0379 0080 020c 	        DECLE   $379, $080, $20C, $004, $2FA, $002, $200, $003    ; $78C8
78cb 0004 02fa 0002 0200 0003 
78d0 0004 0178 008b 	        DECLE   $004, $178, $08B, $2A1, $1C0, $270, $220, $0B9    ; $78D0
78d3 02a1 01c0 0270 0220 00b9 
78d8 0275 009d 02ab 	        DECLE   $275, $09D, $2AB, $37B, $080, $20C, $004, $2FD    ; $78D8
78db 037b 0080 020c 0004 02fd 
78e0 0005 0200 0013 	        DECLE   $005, $200, $013, $3BB, $0C0, $37B, $0C0, $20C    ; $78E0
78e3 03bb 00c0 037b 00c0 020c 
78e8 0007 02ab 037b 	        DECLE   $007, $2AB, $37B, $080, $20C, $002, $2FD, $005    ; $78E8
78eb 0080 020c 0002 02fd 0005 
78f0 02ab 037b 002d 	        DECLE   $2AB, $37B, $02D, $204, $001, $015, $0AB, $2B7    ; $78F0
78f3 0204 0001 0015 00ab 02b7 
78f8 0275 0001 02ba 	        DECLE   $275, $001, $2BA, $0EE, $047, $2A0, $378, $00D    ; $78F8
78fb 00ee 0047 02a0 0378 000d 
7900 0204 00af 0378 	        DECLE   $204, $0AF, $378, $02D, $204, $01D, $081, $3B9    ; $7900
7903 002d 0204 001d 0081 03b9 
7908 00f0 0379 0080 	        DECLE   $0F0, $379, $080, $204, $064, $081, $3B9, $0C0    ; $7908
790b 0204 0064 0081 03b9 00c0 
7910 0379 00c0 0204 	        DECLE   $379, $0C0, $204, $043, $378, $02E, $204, $005    ; $7910
7913 0043 0378 002e 0204 0005 
7918 0004 012c 01d2 	        DECLE   $004, $12C, $1D2, $201, $014, $014, $004, $1E8    ; $7918
791b 0201 0014 0014 0004 01e8 
7920 02f0 0220 0025 	        DECLE   $2F0, $220, $025, $2A0, $014, $378, $02E, $224    ; $7920
7923 02a0 0014 0378 002e 0224 
7928 000b 0004 012c 	        DECLE   $00B, $004, $12C, $1D2, $229, $010, $00C, $220    ; $7928
792b 01d2 0229 0010 000c 0220 
7930 002a 0378 0041 	        DECLE   $02A, $378, $041, $22B, $037, $378, $05B, $223    ; $7930
7933 022b 0037 0378 005b 0223 
7938 003b 033c 0002 	        DECLE   $03B, $33C, $002, $2A0, $270, $378, $02D, $20C    ; $7938
793b 02a0 0270 0378 002d 020c 
7940 0005 02b8 0032 	        DECLE   $005, $2B8, $032, $004, $17C, $39A, $2A0, $258    ; $7940
7943 0004 017c 039a 02a0 0258 
7948 000b 02b8 0024 	        DECLE   $00B, $2B8, $024, $004, $17C, $39A, $2B0, $378    ; $7948
794b 0004 017c 039a 02b0 0378 
7950 002d 022c 0055 	        DECLE   $02D, $22C, $055, $258, $00B, $220, $059, $33C    ; $7950
7953 0258 000b 0220 0059 033c 
7958 0002 02a0 0378 	        DECLE   $002, $2A0, $378, $02D, $20C, $00E, $2B8, $032    ; $7958
795b 002d 020c 000e 02b8 0032 
7960 0004 017c 039a 	        DECLE   $004, $17C, $39A, $004, $128, $2B2, $2B8, $02D    ; $7960
7963 0004 0128 02b2 02b8 002d 
7968 0258 000b 0220 	        DECLE   $258, $00B, $220, $06E, $004, $128, $2B2, $220    ; $7968
796b 006e 0004 0128 02b2 0220 
7970 0073 0001 02b8 	        DECLE   $073, $001, $2B8, $026, $005, $004, $17C, $39A    ; $7970
7973 0026 0005 0004 017c 039a 
7978 0014 02a0 0378 	        DECLE   $014, $2A0, $378, $084, $20C, $004, $258, $00B    ; $7978
797b 0084 020c 0004 0258 000b 
7980 0200 0025 0378 	        DECLE   $200, $025, $378, $08A, $20C, $011, $291, $379    ; $7980
7983 008a 020c 0011 0291 0379 
7988 0084 0204 0005 	        DECLE   $084, $204, $005, $259, $00B, $012, $220, $009    ; $7988
798b 0259 000b 0012 0220 0009 
7990 02b9 008a 0259 	        DECLE   $2B9, $08A, $259, $00B, $012, $220, $099, $001    ; $7990
7993 000b 0012 0220 0099 0001 
7998 037a 00ee 0047 	        DECLE   $37A, $0EE, $047, $204, $00A, $291, $270, $008    ; $7998
799b 0204 000a 0291 0270 0008 
79a0 0009 0060 0061 	        DECLE   $009, $060, $061, $148, $2B0, $206, $004, $00A    ; $79A0
79a3 0148 02b0 0206 0004 000a 
79a8 0250 0220 00ad 	        DECLE   $250, $220, $0AD, $291, $259, $00B, $012, $220    ; $79A8
79ab 0291 0259 000b 0012 0220 
79b0 0019 0001 037a 	        DECLE   $019, $001, $37A, $0EE, $047, $204, $006, $290    ; $79B0
79b3 00ee 0047 0204 0006 0290 
79b8 0258 000b 0012 	        DECLE   $258, $00B, $012, $220, $00B, $2B7, $275, $273    ; $79B8
79bb 0220 000b 02b7 0275 0273 
79c0 0004 0178 020d 	        DECLE   $004, $178, $20D, $094, $1DB, $004, $178, $252    ; $79C0
79c3 0094 01db 0004 0178 0252 
79c8 0204 0038 0004 	        DECLE   $204, $038, $004, $178, $2CE, $204, $038, $20B    ; $79C8
79cb 0178 02ce 0204 0038 020b 
79d0 000f 02bb 0001 	        DECLE   $00F, $2BB, $001, $004, $178, $252, $20E, $008    ; $79D0
79d3 0004 0178 0252 020e 0008 
79d8 020b 000b 0014 	        DECLE   $20B, $00B, $014, $2B8, $020, $260, $220, $01C    ; $79D8
79db 02b8 0020 0260 0220 001c 
79e0 0004 0178 02ce 	        DECLE   $004, $178, $2CE, $220, $017, $004, $178, $252    ; $79E0
79e3 0220 0017 0004 0178 0252 
79e8 0204 0004 0223 	        DECLE   $204, $004, $223, $00B, $22B, $008, $014, $2B8    ; $79E8
79eb 000b 022b 0008 0014 02b8 
79f0 0020 0260 00a5 	        DECLE   $020, $260, $0A5, $2A8, $378, $00D, $224, $034    ; $79F0
79f3 02a8 0378 000d 0224 0034 
79f8 0378 008a 022c 	        DECLE   $378, $08A, $22C, $008, $015, $2B8, $020, $268    ; $79F8
79fb 0008 0015 02b8 0020 0268 
7a00 0220 003e 01c0 	        DECLE   $220, $03E, $1C0, $010, $2B3, $094, $2B7, $004    ; $7A00
7a03 0010 02b3 0094 02b7 0004 
7a08 0178 02f6 01c0 	        DECLE   $178, $2F6, $1C0, $220, $008, $275, $0A2, $094    ; $7A08
7a0b 0220 0008 0275 00a2 0094 
7a10 01c9 02a0 0378 	        DECLE   $1C9, $2A0, $378, $00D, $204, $016, $378, $084    ; $7A10
7a13 000d 0204 0016 0378 0084 
7a18 0204 0006 0378 	        DECLE   $204, $006, $378, $08A, $204, $005, $220, $00E    ; $7A18
7a1b 008a 0204 0005 0220 000e 
7a20 0009 0220 0011 	        DECLE   $009, $220, $011, $011, $223, $014, $014, $2B8    ; $7A20
7a23 0011 0223 0014 0014 02b8 
7a28 0020 0260 0220 	        DECLE   $020, $260, $220, $01C, $089, $204, $00F, $094    ; $7A28
7a2b 001c 0089 0204 000f 0094 
7a30 02a0 0378 0084 	        DECLE   $2A0, $378, $084, $22C, $004, $2B8, $020, $014    ; $7A30
7a33 022c 0004 02b8 0020 0014 
7a38 0260 0011 022c 	        DECLE   $260, $011, $22C, $00B, $220, $02E, $2B7, $204    ; $7A38
7a3b 000b 0220 002e 02b7 0204 
7a40 000c 0004 012c 	        DECLE   $00C, $004, $12C, $1D2, $209, $007, $378, $045    ; $7A40
7a43 01d2 0209 0007 0378 0045 
7a48 020c 0005 01ed 	        DECLE   $20C, $005, $1ED, $00D, $2B7, $1ED, $2B7, $1ED    ; $7A48
7a4b 000d 02b7 01ed 02b7 01ed 
7a50 0015 02b7 0275 	        DECLE   $015, $2B7, $275, $272, $274, $0A2, $2A0, $378    ; $7A50
7a53 0272 0274 00a2 02a0 0378 
7a58 000d 0204 006f 	        DECLE   $00D, $204, $06F, $378, $084, $20C, $008, $09B    ; $7A58
7a5b 0378 0084 020c 0008 009b 
7a60 0224 000c 02b5 	        DECLE   $224, $00C, $2B5, $2B2, $1C9, $011, $2B7, $378    ; $7A60
7a63 02b2 01c9 0011 02b7 0378 
7a68 0085 020c 0005 	        DECLE   $085, $20C, $005, $014, $2B8, $02D, $260, $2A0    ; $7A68
7a6b 0014 02b8 002d 0260 02a0 
7a70 0081 03b9 00c0 	        DECLE   $081, $3B9, $0C0, $379, $0C0, $20C, $02B, $00C    ; $7A70
7a73 0379 00c0 020c 002b 000c 
7a78 02a0 0004 012c 	        DECLE   $2A0, $004, $12C, $1D2, $209, $02D, $014, $2A0    ; $7A78
7a7b 01d2 0209 002d 0014 02a0 
7a80 0378 008b 022c 	        DECLE   $378, $08B, $22C, $004, $2A0, $014, $378, $085    ; $7A80
7a83 0004 02a0 0014 0378 0085 
7a88 020c 0003 02b8 	        DECLE   $20C, $003, $2B8, $02D, $260, $2A0, $378, $08C    ; $7A88
7a8b 002d 0260 02a0 0378 008c 
7a90 022c 0004 0093 	        DECLE   $22C, $004, $093, $2B5, $2B2, $298, $2B9, $001    ; $7A90
7a93 02b5 02b2 0298 02b9 0001 
7a98 03b8 00c0 0378 	        DECLE   $3B8, $0C0, $378, $0C0, $204, $002, $2F9, $004    ; $7A98
7a9b 00c0 0204 0002 02f9 0004 
7aa0 0089 02b7 0378 	        DECLE   $089, $2B7, $378, $02E, $204, $005, $004, $12C    ; $7AA0
7aa3 002e 0204 0005 0004 012c 
7aa8 01d2 0201 0008 	        DECLE   $1D2, $201, $008, $004, $1EC, $03F, $223, $004    ; $7AA8
7aab 0004 01ec 003f 0223 0004 
7ab0 0014 0220 0020 	        DECLE   $014, $220, $020, $378, $041, $20B, $006, $378    ; $7AB0
7ab3 0378 0041 020b 0006 0378 
7ab8 005b 0203 0002 	        DECLE   $05B, $203, $002, $220, $02A, $33C, $002, $2A0    ; $7AB8
7abb 0220 002a 033c 0002 02a0 
7ac0 0378 002d 020c 	        DECLE   $378, $02D, $20C, $001, $014, $2B8, $020, $260    ; $7AC0
7ac3 0001 0014 02b8 0020 0260 
7ac8 0220 0074 02b4 	        DECLE   $220, $074, $2B4, $2B2, $200, $025, $275, $0A5    ; $7AC8
7acb 02b2 0200 0025 0275 00a5 
7ad0 02a8 0378 000d 	        DECLE   $2A8, $378, $00D, $204, $01E, $378, $085, $20B    ; $7AD0
7ad3 0204 001e 0378 0085 020b 
7ad8 0008 0378 008a 	        DECLE   $008, $378, $08A, $203, $004, $0AC, $1C9, $009    ; $7AD8
7adb 0203 0004 00ac 01c9 0009 
7ae0 02b7 0378 008a 	        DECLE   $2B7, $378, $08A, $20C, $004, $0AC, $1C9, $011    ; $7AE0
7ae3 020c 0004 00ac 01c9 0011 
7ae8 02b7 0378 0084 	        DECLE   $2B7, $378, $084, $224, $01C, $2B8, $020, $015    ; $7AE8
7aeb 0224 001c 02b8 0020 0015 
7af0 0268 0220 0022 	        DECLE   $268, $220, $022, $1C9, $089, $2B7, $275, $094    ; $7AF0
7af3 01c9 0089 02b7 0275 0094 
7af8 02a0 0378 000d 	        DECLE   $2A0, $378, $00D, $204, $02E, $378, $084, $22C    ; $7AF8
7afb 0204 002e 0378 0084 022c 
7b00 0008 00a5 02a8 	        DECLE   $008, $0A5, $2A8, $378, $020, $224, $004, $378    ; $7B00
7b03 0378 0020 0224 0004 0378 
7b08 008a 0204 000d 	        DECLE   $08A, $204, $00D, $378, $085, $22B, $016, $378    ; $7B08
7b0b 0378 0085 022b 0016 0378 
7b10 008a 0223 001a 	        DECLE   $08A, $223, $01A, $2A8, $378, $08A, $22C, $004    ; $7B10
7b13 02a8 0378 008a 022c 0004 
7b18 0014 0015 02b8 	        DECLE   $014, $015, $2B8, $020, $260, $268, $220, $028    ; $7B18
7b1b 0020 0260 0268 0220 0028 
7b20 033c 0002 02a1 	        DECLE   $33C, $002, $2A1, $2B8, $022, $040, $0AF, $2B5    ; $7B20
7b23 02b8 0022 0040 00af 02b5 
7b28 02b5 02b4 00a2 	        DECLE   $2B5, $2B4, $0A2, $2B7, $275, $274, $1D2, $2A0    ; $7B28
7b2b 02b7 0275 0274 01d2 02a0 
7b30 0378 000d 0224 	        DECLE   $378, $00D, $224, $00A, $378, $022, $20C, $002    ; $7B30
7b33 000a 0378 0022 020c 0002 
7b38 03fa 0001 0092 	        DECLE   $3FA, $001, $092, $22C, $00D, $014, $2BA, $02C    ; $7B38
7b3b 022c 000d 0014 02ba 002c 
7b40 01c0 0004 01ec 	        DECLE   $1C0, $004, $1EC, $3E0, $272, $200, $036, $08D    ; $7B40
7b43 03e0 0272 0200 0036 008d 
7b48 02fd 0010 0001 	        DECLE   $2FD, $010, $001, $2A9, $2BA, $002, $004, $128    ; $7B48
7b4b 02a9 02ba 0002 0004 0128 
7b50 0264 02b2 00d1 	        DECLE   $264, $2B2, $0D1, $151, $20C, $00F, $001, $2B9    ; $7B50
7b53 0151 020c 000f 0001 02b9 
7b58 00ec 0026 02ba 	        DECLE   $0EC, $026, $2BA, $002, $004, $128, $264, $089    ; $7B58
7b5b 0002 0004 0128 0264 0089 
7b60 020c 0003 000c 	        DECLE   $20C, $003, $00C, $220, $036, $274, $271, $2A0    ; $7B60
7b63 0220 0036 0274 0271 02a0 
7b68 0004 012c 01d2 	        DECLE   $004, $12C, $1D2, $201, $018, $274, $2B2, $2B1    ; $7B68
7b6b 0201 0018 0274 02b2 02b1 
7b70 02b4 0011 0061 	        DECLE   $2B4, $011, $061, $3F9, $0C0, $33C, $002, $261    ; $7B70
7b73 03f9 00c0 033c 0002 0261 
7b78 0261 0094 0220 	        DECLE   $261, $094, $220, $04D, $034, $004, $120, $02F    ; $7B78
7b7b 004d 0034 0004 0120 002f 
7b80 022e 003a 02b5 	        DECLE   $22E, $03A, $2B5, $220, $02E, $014, $2A0, $378    ; $7B80
7b83 0220 002e 0014 02a0 0378 
7b88 000d 0224 0063 	        DECLE   $00D, $224, $063, $378, $084, $22C, $008, $014    ; $7B88
7b8b 0378 0084 022c 0008 0014 
7b90 02b8 008b 0260 	        DECLE   $2B8, $08B, $260, $2A0, $378, $00D, $224, $070    ; $7B90
7b93 02a0 0378 000d 0224 0070 
7b98 0378 0084 020c 	        DECLE   $378, $084, $20C, $004, $014, $2B8, $020, $260    ; $7B98
7b9b 0004 0014 02b8 0020 0260 
7ba0 0378 008a 022c 	        DECLE   $378, $08A, $22C, $010, $014, $2B8, $08C, $260    ; $7BA0
7ba3 0010 0014 02b8 008c 0260 
7ba8 0274 0220 003c 	        DECLE   $274, $220, $03C, $275, $001, $2B8, $060, $040    ; $7BA8
7bab 0275 0001 02b8 0060 0040 
7bb0 0285 0160 00aa 	        DECLE   $285, $160, $0AA, $3BD, $00F, $066, $066, $155    ; $7BB0
7bb3 03bd 000f 0066 0066 0155 
7bb8 020c 0002 01c9 	        DECLE   $20C, $002, $1C9, $2B7, $0C5, $2A9, $105, $3BD    ; $7BB8
7bbb 02b7 00c5 02a9 0105 03bd 
7bc0 000f 004e 004e 	        DECLE   $00F, $04E, $04E, $0EA, $242, $160, $2B7, $275    ; $7BC0
7bc3 00ea 0242 0160 02b7 0275 
7bc8 0284 0166 02fc 	        DECLE   $284, $166, $2FC, $200, $0A5, $2FD, $014, $282    ; $7BC8
7bcb 0200 00a5 02fd 0014 0282 
7bd0 0167 02fa 0200 	        DECLE   $167, $2FA, $200, $2AB, $263, $16A, $22D, $004    ; $7BD0
7bd3 02ab 0263 016a 022d 0004 
7bd8 02bb 0022 0043 	        DECLE   $2BB, $022, $043, $263, $162, $22D, $003, $2B7    ; $7BD8
7bdb 0263 0162 022d 0003 02b7 
7be0 0275 0004 0170 	        DECLE   $275, $004, $170, $293, $001, $2BD, $04C, $040    ; $7BE0
7be3 0293 0001 02bd 004c 0040 
7be8 00ab 029a 0091 	        DECLE   $0AB, $29A, $091, $3BA, $080, $1D1, $259, $2FB    ; $7BE8
7beb 03ba 0080 01d1 0259 02fb 
7bf0 0007 0299 03b9 	        DECLE   $007, $299, $3B9, $07F, $259, $2FB, $005, $299    ; $7BF0
7bf3 007f 0259 02fb 0005 0299 
7bf8 03b9 00bf 0259 	        DECLE   $3B9, $0BF, $259, $33B, $007, $299, $08C, $3B9    ; $7BF8
7bfb 033b 0007 0299 008c 03b9 
7c00 0040 01cc 025c 	        DECLE   $040, $1CC, $25C, $1CA, $00B, $299, $1D1, $259    ; $7C00
7c03 01ca 000b 0299 01d1 0259 
7c08 02b8 00ff 00b9 	        DECLE   $2B8, $0FF, $0B9, $2F9, $011, $33B, $006, $09C    ; $7C08
7c0b 02f9 0011 033b 0006 009c 
7c10 02a2 02fd 0007 	        DECLE   $2A2, $2FD, $007, $092, $20C, $067, $2F9, $008    ; $7C10
7c13 0092 020c 0067 02f9 0008 
7c18 02a2 016c 0225 	        DECLE   $2A2, $16C, $225, $008, $2B7, $008, $02E, $03B    ; $7C18
7c1b 0008 02b7 0008 002e 003b 
7c20 0070 001b 0030 	        DECLE   $070, $01B, $030, $00D, $000, $02C, $06D, $06B    ; $7C20
7c23 000d 0000 002c 006d 006b 
7c28 0069 0039 0038 	        DECLE   $069, $039, $038, $06F, $06C, $06E, $062, $068    ; $7C28
7c2b 006f 006c 006e 0062 0068 
7c30 0079 0037 0036 	        DECLE   $079, $037, $036, $075, $06A, $076, $063, $066    ; $7C30
7c33 0075 006a 0076 0063 0066 
7c38 0072 0035 0034 	        DECLE   $072, $035, $034, $074, $067, $078, $07A, $073    ; $7C38
7c3b 0074 0067 0078 007a 0073 
7c40 0077 0033 0032 	        DECLE   $077, $033, $032, $065, $064, $020, $00A, $00B    ; $7C40
7c43 0065 0064 0020 000a 000b 
7c48 0071 0031 000c 	        DECLE   $071, $031, $00C, $000, $061, $025, $03E, $03A    ; $7C48
7c4b 0000 0061 0025 003e 003a 
7c50 0050 001b 0029 	        DECLE   $050, $01B, $029, $00D, $000, $03C, $04D, $04B    ; $7C50
7c53 000d 0000 003c 004d 004b 
7c58 0049 0028 002a 	        DECLE   $049, $028, $02A, $04F, $04C, $04E, $042, $048    ; $7C58
7c5b 004f 004c 004e 0042 0048 
7c60 0059 002f 002d 	        DECLE   $059, $02F, $02D, $055, $04A, $056, $043, $046    ; $7C60
7c63 0055 004a 0056 0043 0046 
7c68 0052 002b 0024 	        DECLE   $052, $02B, $024, $054, $047, $058, $05A, $053    ; $7C68
7c6b 0054 0047 0058 005a 0053 
7c70 0057 0023 0022 	        DECLE   $057, $023, $022, $045, $044, $020, $03F, $05E    ; $7C70
7c73 0045 0044 0020 003f 005e 
7c78 0051 003d 0027 	        DECLE   $051, $03D, $027, $000, $041, $2FC, $006, $2A3    ; $7C78
7c7b 0000 0041 02fc 0006 02a3 
7c80 0183 0204 0001 	        DECLE   $183, $204, $001, $2B7, $006, $009, $07A, $229    ; $7C80
7c83 02b7 0006 0009 007a 0229 
7c88 0003 0015 02aa 	        DECLE   $003, $015, $2AA, $3BA, $080, $204, $002, $2F9    ; $7C88
7c8b 03ba 0080 0204 0002 02f9 
7c90 0030 00cb 0299 	        DECLE   $030, $0CB, $299, $089, $204, $059, $015, $2AA    ; $7C90
7c93 0089 0204 0059 0015 02aa 
7c98 03ba 0040 0204 	        DECLE   $3BA, $040, $204, $00A, $379, $060, $205, $006    ; $7C98
7c9b 000a 0379 0060 0205 0006 
7ca0 0379 007f 020e 	        DECLE   $379, $07F, $20E, $002, $339, $060, $2BD, $019    ; $7CA0
7ca3 0002 0339 0060 02bd 0019 
7ca8 0245 011e 0280 	        DECLE   $245, $11E, $280, $15E, $082, $3B8, $010, $204    ; $7CA8
7cab 015e 0082 03b8 0010 0204 
7cb0 0005 01c2 0242 	        DECLE   $005, $1C2, $242, $15E, $241, $161, $379, $01B    ; $7CB0
7cb3 015e 0241 0161 0379 001b 
7cb8 020c 001d 0280 	        DECLE   $20C, $01D, $280, $15D, $3B8, $0FD, $2F8, $002    ; $7CB8
7cbb 015d 03b8 00fd 02f8 0002 
7cc0 0240 015d 02bb 	        DECLE   $240, $15D, $2BB, $15E, $298, $081, $3B9, $040    ; $7CC0
7cc3 015e 0298 0081 03b9 0040 
7cc8 0204 0004 02b9 	        DECLE   $204, $004, $2B9, $00D, $241, $0E1, $3B8, $0B5    ; $7CC8
7ccb 000d 0241 00e1 03b8 00b5 
7cd0 03f8 0002 0258 	        DECLE   $3F8, $002, $258, $004, $174, $1F2, $2B7, $280    ; $7CD0
7cd3 0004 0174 01f2 02b7 0280 
7cd8 0160 0082 03b8 	        DECLE   $160, $082, $3B8, $00F, $066, $066, $093, $00A    ; $7CD8
7cdb 000f 0066 0066 0093 000a 
7ce0 03ba 000f 0150 	        DECLE   $3BA, $00F, $150, $204, $00A, $001, $2FB, $060    ; $7CE0
7ce3 0204 000a 0001 02fb 0060 
7ce8 0040 0259 004e 	        DECLE   $040, $259, $04E, $04E, $0D0, $240, $160, $2B7    ; $7CE8
7ceb 004e 00d0 0240 0160 02b7 
7cf0 0275 0280 015e 	        DECLE   $275, $280, $15E, $3B8, $03F, $240, $15E, $280    ; $7CF0
7cf3 03b8 003f 0240 015e 0280 
7cf8 015f 03b8 00e0 	        DECLE   $15F, $3B8, $0E0, $1D0, $240, $15F, $3B8, $004    ; $7CF8
7cfb 01d0 0240 015f 03b8 0004 
7d00 020c 0006 0001 	        DECLE   $20C, $006, $001, $2BD, $080, $040, $200, $004    ; $7D00
7d03 02bd 0080 0040 0200 0004 
7d08 0001 02bd 00fa 	        DECLE   $001, $2BD, $0FA, $040, $2B8, $020, $2B9, $004    ; $7D08
7d0b 0040 02b8 0020 02b9 0004 
7d10 0268 0011 022c 	        DECLE   $268, $011, $22C, $003, $2A0, $378, $020, $224    ; $7D10
7d13 0003 02a0 0378 0020 0224 
7d18 0004 033d 0004 	        DECLE   $004, $33D, $004, $2B9, $004, $378, $00D, $204    ; $7D18
7d1b 02b9 0004 0378 000d 0204 
7d20 0005 0268 02a0 	        DECLE   $005, $268, $2A0, $011, $22C, $008, $001, $2BC    ; $7D20
7d23 0011 022c 0008 0001 02bc 
7d28 0085 0040 02b8 	        DECLE   $085, $040, $2B8, $041, $260, $001, $37C, $089    ; $7D28
7d2b 0041 0260 0001 037c 0089 
7d30 0040 022c 0006 	        DECLE   $040, $22C, $006, $2B8, $00D, $260, $004, $12C    ; $7D30
7d33 02b8 000d 0260 0004 012c 
7d38 02de 02b8 001d 	        DECLE   $2DE, $2B8, $01D, $240, $0E2, $1C0, $004, $17C    ; $7D38
7d3b 0240 00e2 01c0 0004 017c 
7d40 01da 0004 017c 	        DECLE   $1DA, $004, $17C, $20D, $1C0, $240, $0E2, $2B8    ; $7D40
7d43 020d 01c0 0240 00e2 02b8 
7d48 0005 0004 017c 	        DECLE   $005, $004, $17C, $1DA, $004, $17C, $20D, $2B8    ; $7D48
7d4b 01da 0004 017c 020d 02b8 
7d50 0005 0281 015f 	        DECLE   $005, $281, $15F, $2F8, $005, $079, $229, $004    ; $7D50
7d53 02f8 0005 0079 0229 0004 
7d58 0004 017c 01da 	        DECLE   $004, $17C, $1DA, $001, $2B8, $0FA, $040, $001    ; $7D58
7d5b 0001 02b8 00fa 0040 0001 
7d60 02bd 0007 0041 	        DECLE   $2BD, $007, $041, $001, $2A9, $2F9, $002, $282    ; $7D60
7d63 0001 02a9 02f9 0002 0282 
7d68 015f 007e 0201 	        DECLE   $15F, $07E, $201, $007, $202, $00A, $004, $17C    ; $7D68
7d6b 0007 0202 000a 0004 017c 
7d70 0228 0200 000f 	        DECLE   $228, $200, $00F, $004, $17C, $21C, $200, $00A    ; $7D70
7d73 0004 017c 021c 0200 000a 
7d78 0001 02bd 00b1 	        DECLE   $001, $2BD, $0B1, $047, $001, $2A9, $009, $004    ; $7D78
7d7b 0047 0001 02a9 0009 0004 
7d80 017c 0221 0280 	        DECLE   $17C, $221, $280, $15E, $07C, $202, $04B, $07C    ; $7D80
7d83 015e 007c 0202 004b 007c 
7d88 0222 0007 0280 	        DECLE   $222, $007, $280, $15F, $3B8, $004, $204, $001    ; $7D88
7d8b 015f 03b8 0004 0204 0001 
7d90 02b7 0001 02b9 	        DECLE   $2B7, $001, $2B9, $07B, $040, $001, $2BB, $000    ; $7D90
7d93 007b 0040 0001 02bb 0000 
7d98 0022 0284 0163 	        DECLE   $022, $284, $163, $2FC, $1FA, $004, $118, $067    ; $7D98
7d9b 02fc 01fa 0004 0118 0067 
7da0 0280 015f 03b8 	        DECLE   $280, $15F, $3B8, $010, $204, $011, $0A3, $2B9    ; $7DA0
7da3 0010 0204 0011 00a3 02b9 
7da8 0004 0013 0298 	        DECLE   $004, $013, $298, $001, $3B8, $0FF, $009, $001    ; $7DA8
7dab 0001 03b8 00ff 0009 0001 
7db0 03f8 0000 0010 	        DECLE   $3F8, $000, $010, $258, $011, $22C, $00D, $001    ; $7DB0
7db3 0258 0011 022c 000d 0001 
7db8 02bc 007b 0040 	        DECLE   $2BC, $07B, $040, $001, $2BD, $080, $040, $2A8    ; $7DB8
7dbb 0001 02bd 0080 0040 02a8 
7dc0 0378 0020 0204 	        DECLE   $378, $020, $204, $008, $015, $2A8, $360, $22C    ; $7DC0
7dc3 0008 0015 02a8 0360 022c 
7dc8 006d 0080 022c 	        DECLE   $06D, $080, $22C, $006, $280, $15F, $3B8, $010    ; $7DC8
7dcb 0006 0280 015f 03b8 0010 
7dd0 0204 0007 0285 	        DECLE   $204, $007, $285, $163, $33D, $014, $004, $328    ; $7DD0
7dd3 0163 033d 0014 0004 0328 
7dd8 0328 02b7 0275 	        DECLE   $328, $2B7, $275, $001, $2BB, $006, $022, $001    ; $7DD8
7ddb 0001 02bb 0006 0022 0001 
7de0 02b9 00f4 007d 	        DECLE   $2B9, $0F4, $07D, $0C1, $284, $163, $37C, $013    ; $7DE0
7de3 00c1 0284 0163 037c 0013 
7de8 020e 0004 02fc 	        DECLE   $20E, $004, $2FC, $014, $244, $163, $2FC, $1EC    ; $7DE8
7deb 0014 0244 0163 02fc 01ec 
7df0 0004 0118 0067 	        DECLE   $004, $118, $067, $2B7, $053, $045, $054, $020    ; $7DF0
7df3 02b7 0053 0045 0054 0020 
7df8 0000 0047 004f 	        DECLE   $000, $047, $04F, $020, $020, $000, $056, $045    ; $7DF8
7dfb 0020 0020 0000 0056 0045 
7e00 0052 0046 0000 	        DECLE   $052, $046, $000, $04C, $04F, $041, $044, $000    ; $7E00
7e03 004c 004f 0041 0044 0000 
7e08 0053 0041 0056 	        DECLE   $053, $041, $056, $045, $000, $275, $2BA, $1FE    ; $7E08
7e0b 0045 0000 0275 02ba 01fe 
7e10 02bb 01ff 0004 	        DECLE   $2BB, $1FF, $004, $114, $0B7, $290, $040, $3D8    ; $7E10
7e13 0114 00b7 0290 0040 03d8 
7e18 0018 0224 0005 	        DECLE   $018, $224, $005, $2B7, $275, $2BA, $107, $200    ; $7E18
7e1b 02b7 0275 02ba 0107 0200 
7e20 0003 0275 02ba 	        DECLE   $003, $275, $2BA, $207, $2BB, $01D, $200, $009    ; $7E20
7e23 0207 02bb 001d 0200 0009 
7e28 0275 0010 0011 	        DECLE   $275, $010, $011, $001, $2BA, $000, $004, $2BB    ; $7E28
7e2b 0001 02ba 0000 0004 02bb 
7e30 0039 0243 00e2 	        DECLE   $039, $243, $0E2, $2BB, $01D, $243, $0E0, $001    ; $7E30
7e33 02bb 001d 0243 00e0 0001 
7e38 02bc 0071 0040 	        DECLE   $2BC, $071, $040, $262, $042, $283, $15F, $3BB    ; $7E38
7e3b 0262 0042 0283 015f 03bb 
7e40 00e0 01d3 0243 	        DECLE   $0E0, $1D3, $243, $15F, $260, $040, $260, $261    ; $7E40
7e43 015f 0260 0040 0260 0261 
7e48 0041 0261 0040 	        DECLE   $041, $261, $040, $041, $108, $260, $040, $260    ; $7E48
7e4b 0041 0108 0260 0040 0260 
7e50 02fc 0002 01c0 	        DECLE   $2FC, $002, $1C0, $260, $2FC, $004, $260, $2FC    ; $7E50
7e53 0260 02fc 0004 0260 02fc 
7e58 0004 0260 0281 	        DECLE   $004, $260, $281, $15E, $3B9, $0F5, $3F9, $008    ; $7E58
7e5b 015e 03b9 00f5 03f9 0008 
7e60 0241 015e 02b7 	        DECLE   $241, $15E, $2B7, $01E, $024, $02E, $046, $047    ; $7E60
7e63 001e 0024 002e 0046 0047 
7e68 0056 006c 007a 	        DECLE   $056, $06C, $07A, $07D, $093, $09F, $0A8, $0B5    ; $7E68
7e6b 007d 0093 009f 00a8 00b5 
7e70 0275 0001 02bb 	        DECLE   $275, $001, $2BB, $071, $040, $298, $09A, $012    ; $7E70
7e73 0071 0040 0298 009a 0012 
7e78 01c9 0001 02bc 	        DECLE   $1C9, $001, $2BC, $063, $07E, $0A5, $0C4, $2E5    ; $7E78
7e7b 0063 007e 00a5 00c4 02e5 
7e80 00af 02b9 0050 	        DECLE   $0AF, $2B9, $050, $251, $008, $258, $2B7, $291    ; $7E80
7e83 0251 0008 0258 02b7 0291 
7e88 0011 0251 022c 	        DECLE   $011, $251, $22C, $005, $2B9, $049, $251, $220    ; $7E88
7e8b 0005 02b9 0049 0251 0220 
7e90 000c 0281 00e0 	        DECLE   $00C, $281, $0E0, $07D, $22A, $00F, $291, $011    ; $7E90
7e93 007d 022a 000f 0291 0011 
7e98 0251 0204 000a 	        DECLE   $251, $204, $00A, $3B9, $007, $204, $001, $2B7    ; $7E98
7e9b 03b9 0007 0204 0001 02b7 
7ea0 02b9 00aa 0241 	        DECLE   $2B9, $0AA, $241, $0E1, $2B7, $241, $0E1, $220    ; $7EA0
7ea3 00e1 02b7 0241 00e1 0220 
7ea8 0024 0011 0285 	        DECLE   $024, $011, $285, $0E0, $3BD, $002, $224, $029    ; $7EA8
7eab 00e0 03bd 0002 0224 0029 
7eb0 009c 00cc 02fc 	        DECLE   $09C, $0CC, $2FC, $006, $2A1, $241, $0E1, $220    ; $7EB0
7eb3 0006 02a1 0241 00e1 0220 
7eb8 0034 0281 00e0 	        DECLE   $034, $281, $0E0, $07D, $22A, $037, $09C, $00C    ; $7EB8
7ebb 007d 022a 0037 009c 000c 
7ec0 0004 017c 0362 	        DECLE   $004, $17C, $362, $28D, $245, $0E1, $001, $361    ; $7EC0
7ec3 028d 0245 00e1 0001 0361 
7ec8 022c 0043 02b9 	        DECLE   $22C, $043, $2B9, $028, $251, $220, $04A, $291    ; $7EC8
7ecb 0028 0251 0220 004a 0291 
7ed0 0011 0251 022c 	        DECLE   $011, $251, $22C, $04D, $241, $0E2, $281, $15E    ; $7ED0
7ed3 004d 0241 00e2 0281 015e 
7ed8 03b9 00f7 0241 	        DECLE   $3B9, $0F7, $241, $15E, $2B7, $008, $200, $011    ; $7ED8
7edb 015e 02b7 0008 0200 0011 
7ee0 0004 0170 00b0 	        DECLE   $004, $170, $0B0, $229, $05E, $281, $0E1, $379    ; $7EE0
7ee3 0229 005e 0281 00e1 0379 
7ee8 00aa 020c 0006 	        DECLE   $0AA, $20C, $006, $291, $011, $251, $224, $06B    ; $7EE8
7eeb 0291 0011 0251 0224 006b 
7ef0 02b7 02b9 0005 	        DECLE   $2B7, $2B9, $005, $251, $220, $070, $004, $170    ; $7EF0
7ef3 0251 0220 0070 0004 0170 
7ef8 00b0 0229 0074 	        DECLE   $0B0, $229, $074, $281, $0E1, $379, $0AA, $22C    ; $7EF8
7efb 0281 00e1 0379 00aa 022c 
7f00 007c 02b7 0004 	        DECLE   $07C, $2B7, $004, $170, $0B0, $229, $080, $2BC    ; $7F00
7f03 0170 00b0 0229 0080 02bc 
7f08 0005 0200 0007 	        DECLE   $005, $200, $007, $004, $170, $0B0, $229, $089    ; $7F08
7f0b 0004 0170 00b0 0229 0089 
7f10 02bc 0006 00dc 	        DECLE   $2BC, $006, $0DC, $281, $0E1, $261, $220, $093    ; $7F10
7f13 0281 00e1 0261 0220 0093 
7f18 0004 0170 00b0 	        DECLE   $004, $170, $0B0, $229, $096, $3B9, $038, $204    ; $7F18
7f1b 0229 0096 03b9 0038 0204 
7f20 0003 0004 017c 	        DECLE   $003, $004, $17C, $36E, $09C, $00C, $004, $17C    ; $7F20
7f23 036e 009c 000c 0004 017c 
7f28 0362 008a 0012 	        DECLE   $362, $08A, $012, $281, $0E1, $2FB, $009, $29D    ; $7F28
7f2b 0281 00e1 02fb 0009 029d 
7f30 037d 0004 020d 	        DECLE   $37D, $004, $20D, $00E, $00D, $25D, $001, $2FD    ; $7F30
7f33 000e 000d 025d 0001 02fd 
7f38 007a 0040 0269 	        DECLE   $07A, $040, $269, $285, $15F, $3BD, $002, $204    ; $7F38
7f3b 0285 015f 03bd 0002 0204 
7f40 0010 0251 0285 	        DECLE   $010, $251, $285, $15F, $3BD, $001, $204, $008    ; $7F40
7f43 015f 03bd 0001 0204 0008 
7f48 0351 0204 0006 	        DECLE   $351, $204, $006, $004, $17C, $36E, $200, $001    ; $7F48
7f4b 0004 017c 036e 0200 0001 
7f50 0251 033b 0009 	        DECLE   $251, $33B, $009, $001, $362, $204, $006, $004    ; $7F50
7f53 0001 0362 0204 0006 0004 
7f58 017c 0362 0224 	        DECLE   $17C, $362, $224, $087, $2B7, $004, $17C, $36E    ; $7F58
7f5b 0087 02b7 0004 017c 036e 
7f60 0220 008d 0275 	        DECLE   $220, $08D, $275, $001, $2A1, $009, $014, $014    ; $7F60
7f63 0001 02a1 0009 0014 0014 
7f68 0261 0041 0261 	        DECLE   $261, $041, $261, $041, $089, $2B7, $275, $281    ; $7F68
7f6b 0041 0089 02b7 0275 0281 
7f70 015f 03b9 00ef 	        DECLE   $15F, $3B9, $0EF, $3F9, $010, $241, $15F, $2B7    ; $7F70
7f73 03f9 0010 0241 015f 02b7 
7f78 0275 02a0 0378 	        DECLE   $275, $2A0, $378, $001, $204, $01B, $2B8, $022    ; $7F78
7f7b 0001 0204 001b 02b8 0022 
7f80 0258 000b 0014 	        DECLE   $258, $00B, $014, $2A0, $378, $001, $204, $004    ; $7F80
7f83 02a0 0378 0001 0204 0004 
7f88 0258 000b 0220 	        DECLE   $258, $00B, $220, $008, $2B8, $022, $258, $00B    ; $7F88
7f8b 0008 02b8 0022 0258 000b 
7f90 02a0 0080 0204 	        DECLE   $2A0, $080, $204, $004, $2B8, $02C, $258, $00B    ; $7F90
7f93 0004 02b8 002c 0258 000b 
7f98 0014 02b7 0275 	        DECLE   $014, $2B7, $275, $040, $281, $164, $2F9, $200    ; $7F98
7f9b 0040 0281 0164 02f9 0200 
7fa0 00a5 0001 033d 	        DECLE   $0A5, $001, $33D, $086, $040, $0E9, $28D, $001    ; $7FA0
7fa3 0086 0040 00e9 028d 0001 
7fa8 03bd 00ff 0009 	        DECLE   $3BD, $0FF, $009, $1C5, $24D, $040, $2B7, $2A0    ; $7FA8
7fab 01c5 024d 0040 02b7 02a0 
7fb0 0080 020c 0003 	        DECLE   $080, $20C, $003, $004, $3E8, $2DF, $275, $2F8    ; $7FB0
7fb3 0004 03e8 02df 0275 02f8 
7fb8 0040 0258 000b 	        DECLE   $040, $258, $00B, $2B8, $024, $258, $00B, $2B7    ; $7FB8
7fbb 02b8 0024 0258 000b 02b7 
7fc0 0001 02b9 0049 	        DECLE   $001, $2B9, $049, $040, $289, $3B9, $020, $204    ; $7FC0
7fc3 0040 0289 03b9 0020 0204 
7fc8 002f 0280 00e0 	        DECLE   $02F, $280, $0E0, $3B8, $00A, $378, $002, $20C    ; $7FC8
7fcb 03b8 000a 0378 0002 020c 
7fd0 0026 0001 02bc 	        DECLE   $026, $001, $2BC, $04A, $040, $001, $2A2, $001    ; $7FD0
7fd3 004a 0040 0001 02a2 0001 
7fd8 02b9 0048 0040 	        DECLE   $2B9, $048, $040, $28B, $0DA, $292, $092, $20C    ; $7FD8
7fdb 028b 00da 0292 0092 020c 
7fe0 0002 03fa 0020 	        DECLE   $002, $3FA, $020, $242, $0E1, $00B, $24B, $37A    ; $7FE0
7fe3 0242 00e1 000b 024b 037a 
7fe8 000d 020c 000c 	        DECLE   $00D, $20C, $00C, $281, $15E, $3B9, $0BF, $241    ; $7FE8
7feb 0281 015e 03b9 00bf 0241 
7ff0 015e 0001 02b9 	        DECLE   $15E, $001, $2B9, $048, $040, $1C0, $248, $0AF    ; $7FF0
7ff3 0048 0040 01c0 0248 00af 
7ff8 0281 00e0 03b9 	        DECLE   $281, $0E0, $3B9, $002, $22C, $02C, $0AF, $170    ; $7FF8
7ffb 0002 022c 002c 00af 0170 

 0xe000                         ORG     $E000

 0xe000                 ECS_ROM_PAGE_2:
e000 0275 0285 0354 	        DECLE   $275, $285, $354, $2FD, $02A, $001, $2A9, $049    ; $E000
e003 02fd 002a 0001 02a9 0049 
e008 0061 01e4 0004 	        DECLE   $061, $1E4, $004, $1EC, $39F, $048, $060, $204    ; $E008
e00b 01ec 039f 0048 0060 0204 
e010 0008 0141 022c 	        DECLE   $008, $141, $22C, $009, $271, $004, $12C, $298    ; $E010
e013 0009 0271 0004 012c 0298 
e018 02b1 01e4 0004 	        DECLE   $2B1, $1E4, $004, $1EC, $39F, $048, $060, $204    ; $E018
e01b 01ec 039f 0048 0060 0204 
e020 0003 0148 022b 	        DECLE   $003, $148, $22B, $009, $33C, $004, $001, $2BD    ; $E020
e023 0009 033c 0004 0001 02bd 
e028 0007 0041 0275 	        DECLE   $007, $041, $275, $001, $2AA, $093, $001, $2B9    ; $E028
e02b 0001 02aa 0093 0001 02b9 
e030 00b1 0040 0289 	        DECLE   $0B1, $040, $289, $0CB, $001, $2A8, $2B5, $143    ; $E030
e033 00cb 0001 02a8 02b5 0143 
e038 020b 0003 0004 	        DECLE   $20B, $003, $004, $328, $323, $26B, $043, $26B    ; $E038
e03b 0328 0323 026b 0043 026b 
e040 0043 009d 01c0 	        DECLE   $043, $09D, $1C0, $268, $268, $290, $258, $012    ; $E040
e043 0268 0268 0290 0258 0012 
e048 0013 0154 022c 	        DECLE   $013, $154, $22C, $006, $00C, $001, $2BD, $0AF    ; $E048
e04b 0006 000c 0001 02bd 00af 
e050 0040 00ab 00cb 	        DECLE   $040, $0AB, $0CB, $2A8, $260, $16B, $22C, $004    ; $E050
e053 02a8 0260 016b 022c 0004 
e058 02b7 0275 0274 	        DECLE   $2B7, $275, $274, $270, $004, $1E0, $123, $2B0    ; $E058
e05b 0270 0004 01e0 0123 02b0 
e060 0080 0204 0004 	        DECLE   $080, $204, $004, $288, $3F8, $080, $248, $1C0    ; $E060
e063 0288 03f8 0080 0248 01c0 
e068 0001 02bb 00d4 	        DECLE   $001, $2BB, $0D4, $047, $09C, $33C, $007, $004    ; $E068
e06b 0047 009c 033c 0007 0004 
e070 01e0 0147 0080 	        DECLE   $1E0, $147, $080, $204, $00C, $0A1, $080, $20B    ; $E070
e073 0204 000c 00a1 0080 020b 
e078 0002 02f9 0007 	        DECLE   $002, $2F9, $007, $1C0, $004, $1E0, $15E, $220    ; $E078
e07b 01c0 0004 01e0 015e 0220 
e080 0019 0004 01e0 	        DECLE   $019, $004, $1E0, $183, $09B, $204, $00A, $288    ; $E080
e083 0183 009b 0204 000a 0288 
e088 03b8 0080 020c 	        DECLE   $3B8, $080, $20C, $002, $339, $007, $004, $1E0    ; $E088
e08b 0002 0339 0007 0004 01e0 
e090 0194 0004 01e0 	        DECLE   $194, $004, $1E0, $1C0, $004, $1E0, $183, $339    ; $E090
e093 01c0 0004 01e0 0183 0339 
e098 0007 009b 020c 	        DECLE   $007, $09B, $20C, $008, $080, $204, $017, $004    ; $E098
e09b 0008 0080 0204 0017 0004 
e0a0 01e0 015e 0200 	        DECLE   $1E0, $15E, $200, $012, $080, $20C, $00B, $004    ; $E0A0
e0a3 0012 0080 020c 000b 0004 
e0a8 01e0 0194 028a 	        DECLE   $1E0, $194, $28A, $3BA, $07F, $3FA, $080, $24A    ; $E0A8
e0ab 03ba 007f 03fa 0080 024a 
e0b0 0200 0004 028a 	        DECLE   $200, $004, $28A, $3BA, $07F, $24A, $004, $1E0    ; $E0B0
e0b3 03ba 007f 024a 0004 01e0 
e0b8 021a 02b4 02b7 	        DECLE   $21A, $2B4, $2B7, $275, $274, $284, $35C, $00C    ; $E0B8
e0bb 0275 0274 0284 035c 000c 
e0c0 00a5 02fd 0006 	        DECLE   $0A5, $2FD, $006, $0A9, $298, $268, $2A0, $268    ; $E0C0
e0c3 00a9 0298 0268 02a0 0268 
e0c8 014c 022c 0004 	        DECLE   $14C, $22C, $004, $1C0, $33C, $006, $260, $14C    ; $E0C8
e0cb 01c0 033c 0006 0260 014c 
e0d0 022c 0003 000b 	        DECLE   $22C, $003, $00B, $09D, $2FD, $003, $281, $15D    ; $E0D0
e0d3 009d 02fd 0003 0281 015d 
e0d8 03b9 0080 0204 	        DECLE   $3B9, $080, $204, $002, $2FD, $003, $2B9, $080    ; $E0D8
e0db 0002 02fd 0003 02b9 0080 
e0e0 00ac 0098 0271 	        DECLE   $0AC, $098, $271, $004, $1E0, $1FD, $0A5, $083    ; $E0E0
e0e3 0004 01e0 01fd 00a5 0083 
e0e8 02b1 0298 0188 	        DECLE   $2B1, $298, $188, $204, $009, $275, $273, $271    ; $E0E8
e0eb 0204 0009 0275 0273 0271 
e0f0 0004 01e0 01c0 	        DECLE   $004, $1E0, $1C0, $2B1, $2B3, $2B5, $061, $089    ; $E0F0
e0f3 02b1 02b3 02b5 0061 0089 
e0f8 022c 0019 000b 	        DECLE   $22C, $019, $00B, $15D, $22C, $01F, $1C0, $270    ; $E0F8
e0fb 015d 022c 001f 01c0 0270 
e100 0004 01e0 021a 	        DECLE   $004, $1E0, $21A, $092, $204, $1EC, $004, $1E0    ; $E100
e103 0092 0204 01ec 0004 01e0 
e108 01dd 0093 02f9 	        DECLE   $1DD, $093, $2F9, $007, $004, $1E0, $1DD, $2B0    ; $E108
e10b 0007 0004 01e0 01dd 02b0 
e110 0270 0080 0203 	        DECLE   $270, $080, $203, $001, $022, $0DA, $339, $007    ; $E110
e113 0001 0022 00da 0339 0007 
e118 0004 01e0 01eb 	        DECLE   $004, $1E0, $1EB, $004, $1E0, $183, $339, $007    ; $E118
e11b 0004 01e0 0183 0339 0007 
e120 028a 0200 01c7 	        DECLE   $28A, $200, $1C7, $275, $272, $001, $2BA, $0D4    ; $E120
e123 0275 0272 0001 02ba 00d4 
e128 0047 0272 0153 	        DECLE   $047, $272, $153, $204, $017, $001, $2B9, $0FE    ; $E128
e12b 0204 0017 0001 02b9 00fe 
e130 0025 0004 01ec 	        DECLE   $025, $004, $1EC, $05C, $33A, $007, $2B8, $004    ; $E130
e133 005c 033a 0007 02b8 0004 
e138 0281 015d 03b9 	        DECLE   $281, $15D, $3B9, $080, $204, $002, $2F8, $003    ; $E138
e13b 0080 0204 0002 02f8 0003 
e140 0099 0004 01ec 	        DECLE   $099, $004, $1EC, $05E, $2B1, $2B2, $2B7, $275    ; $E140
e143 005e 02b1 02b2 02b7 0275 
e148 0099 0004 01e0 	        DECLE   $099, $004, $1E0, $1DD, $090, $0A1, $004, $1E0    ; $E148
e14b 01dd 0090 00a1 0004 01e0 
e150 01dd 0142 0204 	        DECLE   $1DD, $142, $204, $005, $20B, $005, $2B8, $001    ; $E150
e153 0005 020b 0005 02b8 0001 
e158 02b7 01c0 02b7 	        DECLE   $2B7, $1C0, $2B7, $1C0, $010, $2B7, $275, $004    ; $E158
e15b 01c0 0010 02b7 0275 0004 
e160 01e0 01dd 000a 	        DECLE   $1E0, $1DD, $00A, $004, $1E0, $1EB, $082, $04E    ; $E160
e163 0004 01e0 01eb 0082 004e 
e168 004e 0090 008a 	        DECLE   $04E, $090, $08A, $2F9, $007, $00A, $151, $204    ; $E168
e16b 02f9 0007 000a 0151 0204 
e170 000f 0293 009d 	        DECLE   $00F, $293, $09D, $067, $067, $1C3, $253, $3BD    ; $E170
e173 0067 0067 01c3 0253 03bd 
e178 000f 00ab 004f 	        DECLE   $00F, $0AB, $04F, $04F, $098, $00A, $220, $011    ; $E178
e17b 004f 0098 000a 0220 0011 
e180 0339 0007 02b7 	        DECLE   $339, $007, $2B7, $275, $281, $35C, $28A, $2F9    ; $E180
e183 0275 0281 035c 028a 02f9 
e188 0007 028d 03ba 	        DECLE   $007, $28D, $3BA, $080, $3BD, $080, $1DB, $155    ; $E188
e18b 0080 03bd 0080 01db 0155 
e190 0204 0001 000b 	        DECLE   $204, $001, $00B, $2B7, $275, $004, $1E0, $2F5    ; $E190
e193 02b7 0275 0004 01e0 02f5 
e198 0092 020c 0005 	        DECLE   $092, $20C, $005, $28A, $3BA, $07F, $24A, $2B7    ; $E198
e19b 028a 03ba 007f 024a 02b7 
e1a0 008c 0009 02fc 	        DECLE   $08C, $009, $2FC, $007, $28B, $01B, $3BB, $0FF    ; $E1A0
e1a3 0007 028b 001b 03bb 00ff 
e1a8 024b 0009 014c 	        DECLE   $24B, $009, $14C, $22C, $008, $011, $33C, $007    ; $E1A8
e1ab 022c 0008 0011 033c 0007 
e1b0 02bb 0001 028a 	        DECLE   $2BB, $001, $28A, $0DA, $093, $3BA, $0FF, $24A    ; $E1B0
e1b3 00da 0093 03ba 00ff 024a 
e1b8 0043 03bb 00ff 	        DECLE   $043, $3BB, $0FF, $011, $14C, $22C, $00C, $2B7    ; $E1B8
e1bb 0011 014c 022c 000c 02b7 
e1c0 01c0 0001 02b9 	        DECLE   $1C0, $001, $2B9, $0D3, $047, $08A, $2FA, $007    ; $E1C0
e1c3 00d3 0047 008a 02fa 0007 
e1c8 028b 0294 00e3 	        DECLE   $28B, $294, $0E3, $0C3, $09C, $3BC, $0FF, $24C    ; $E1C8
e1cb 00c3 009c 03bc 00ff 024c 
e1d0 0043 03bb 00ff 	        DECLE   $043, $3BB, $0FF, $098, $011, $012, $001, $37A    ; $E1D0
e1d3 0098 0011 0012 0001 037a 
e1d8 00d4 0047 022c 	        DECLE   $0D4, $047, $22C, $013, $0AF, $275, $28A, $3BA    ; $E1D8
e1db 0013 00af 0275 028a 03ba 
e1e0 007f 0095 03bd 	        DECLE   $07F, $095, $3BD, $040, $20C, $002, $022, $2B7    ; $E1E0
e1e3 0040 020c 0002 0022 02b7 
e1e8 03fa 0040 02b7 	        DECLE   $3FA, $040, $2B7, $275, $092, $203, $003, $022    ; $E1E8
e1eb 0275 0092 0203 0003 0022 
e1f0 0200 0002 03fa 	        DECLE   $200, $002, $3FA, $040, $28D, $3BD, $080, $204    ; $E1F0
e1f3 0040 028d 03bd 0080 0204 
e1f8 0002 03fa 0080 	        DECLE   $002, $3FA, $080, $24A, $2B7, $275, $001, $2B9    ; $E1F8
e1fb 024a 02b7 0275 0001 02b9 
e200 00d5 0047 01ed 	        DECLE   $0D5, $047, $1ED, $28A, $062, $1EA, $095, $28A    ; $E200
e203 028a 0062 01ea 0095 028a 
e208 024d 03ba 0001 	        DECLE   $24D, $3BA, $001, $204, $004, $2BD, $080, $200    ; $E208
e20b 0204 0004 02bd 0080 0200 
e210 0001 01ed 0009 	        DECLE   $001, $1ED, $009, $001, $379, $0DB, $047, $22C    ; $E210
e213 0001 0379 00db 0047 022c 
e218 0015 02b7 0275 	        DECLE   $015, $2B7, $275, $281, $35C, $004, $1E0, $2F5    ; $E218
e21b 0281 035c 0004 01e0 02f5 
e220 0092 020c 0004 	        DECLE   $092, $20C, $004, $2B8, $040, $248, $2B7, $009    ; $E220
e223 02b8 0040 0248 02b7 0009 
e228 028a 03ba 00f0 	        DECLE   $28A, $3BA, $0F0, $20C, $022, $011, $004, $1E0    ; $E228
e22b 020c 0022 0011 0004 01e0 
e230 01dd 0012 0004 	        DECLE   $1DD, $012, $004, $1E0, $1EB, $2F9, $006, $1E4    ; $E230
e233 01e0 01eb 02f9 0006 01e4 
e238 028a 0095 03ba 	        DECLE   $28A, $095, $3BA, $00F, $04E, $04E, $1E2, $24A    ; $E238
e23b 000f 004e 004e 01e2 024a 
e240 00aa 03ba 00f0 	        DECLE   $0AA, $3BA, $0F0, $066, $066, $094, $011, $001    ; $E240
e243 0066 0066 0094 0011 0001 
e248 0379 00cd 0047 	        DECLE   $379, $0CD, $047, $22C, $014, $220, $027, $011    ; $E248
e24b 022c 0014 0220 0027 0011 
e250 02b7 0275 009d 	        DECLE   $2B7, $275, $09D, $0C5, $00C, $00B, $15D, $224    ; $E250
e253 00c5 000c 000b 015d 0224 
e258 00ff 0298 02a1 	        DECLE   $0FF, $298, $2A1, $148, $224, $008, $148, $20B    ; $E258
e25b 0148 0224 0008 0148 020b 
e260 0003 02b8 0001 	        DECLE   $003, $2B8, $001, $2B7, $1C0, $010, $2B7, $275    ; $E260
e263 02b7 01c0 0010 02b7 0275 
e268 0274 0004 01e0 	        DECLE   $274, $004, $1E0, $123, $08C, $2B8, $007, $0C4    ; $E268
e26b 0123 008c 02b8 0007 00c4 
e270 0004 0114 0338 	        DECLE   $004, $114, $338, $004, $1E0, $2F5, $092, $20C    ; $E270
e273 0004 01e0 02f5 0092 020c 
e278 0007 0004 011c 	        DECLE   $007, $004, $11C, $31D, $2B4, $004, $3EC, $04A    ; $E278
e27b 031d 02b4 0004 03ec 004a 
e280 0004 0170 007f 	        DECLE   $004, $170, $07F, $034, $0A3, $2B8, $007, $103    ; $E280
e283 0034 00a3 02b8 0007 0103 
e288 0004 01e0 0251 	        DECLE   $004, $1E0, $251, $080, $20B, $006, $281, $35C    ; $E288
e28b 0080 020b 0006 0281 035c 
e290 01c0 0004 01e0 	        DECLE   $1C0, $004, $1E0, $15E, $2B8, $080, $001, $2BB    ; $E290
e293 015e 02b8 0080 0001 02bb 
e298 00db 0047 0004 	        DECLE   $0DB, $047, $004, $1E0, $1FD, $09A, $08B, $33B    ; $E298
e29b 01e0 01fd 009a 008b 033b 
e2a0 000e 009c 0270 	        DECLE   $00E, $09C, $270, $2B8, $007, $0C4, $004, $1E0    ; $E2A0
e2a3 02b8 0007 00c4 0004 01e0 
e2a8 0251 0083 02b0 	        DECLE   $251, $083, $2B0, $09B, $20B, $01B, $291, $1C1    ; $E2A8
e2ab 009b 020b 001b 0291 01c1 
e2b0 0251 0272 0270 	        DECLE   $251, $272, $270, $001, $2B9, $0D4, $047, $004    ; $E2B0
e2b3 0001 02b9 00d4 0047 0004 
e2b8 01e0 02f5 0092 	        DECLE   $1E0, $2F5, $092, $204, $00A, $004, $1E0, $194    ; $E2B8
e2bb 0204 000a 0004 01e0 0194 
e2c0 0004 01e0 01c0 	        DECLE   $004, $1E0, $1C0, $091, $004, $1E0, $194, $2B0    ; $E2C0
e2c3 0091 0004 01e0 0194 02b0 
e2c8 02b2 0093 0060 	        DECLE   $2B2, $093, $060, $22C, $032, $00B, $2B8, $080    ; $E2C8
e2cb 022c 0032 000b 02b8 0080 
e2d0 0001 037b 00e1 	        DECLE   $001, $37B, $0E1, $047, $22C, $03B, $284, $35C    ; $E2D0
e2d3 0047 022c 003b 0284 035c 
e2d8 000c 00a5 02fd 	        DECLE   $00C, $0A5, $2FD, $00D, $0A1, $2F9, $006, $2A8    ; $E2D8
e2db 000d 00a1 02f9 0006 02a8 
e2e0 0260 0161 022c 	        DECLE   $260, $161, $22C, $004, $339, $007, $1C0, $010    ; $E2E0
e2e3 0004 0339 0007 01c0 0010 
e2e8 0220 01ea 03ba 	        DECLE   $220, $1EA, $3BA, $07F, $09B, $204, $002, $3FA    ; $E2E8
e2eb 007f 009b 0204 0002 03fa 
e2f0 0080 024a 02b4 	        DECLE   $080, $24A, $2B4, $2B4, $2B7, $275, $08D, $2F9    ; $E2F0
e2f3 02b4 02b7 0275 008d 02f9 
e2f8 0007 000d 02aa 	        DECLE   $007, $00D, $2AA, $092, $20C, $005, $169, $22C    ; $E2F8
e2fb 0092 020c 0005 0169 022c 
e300 0006 0200 0002 	        DECLE   $006, $200, $002, $2BA, $001, $339, $007, $2B7    ; $E300
e303 02ba 0001 0339 0007 02b7 
e308 0275 0004 01ec 	        DECLE   $275, $004, $1EC, $049, $091, $282, $35C, $004    ; $E308
e30b 0049 0091 0282 035c 0004 
e310 01ec 0058 02b8 	        DECLE   $1EC, $058, $2B8, $001, $004, $1E0, $059, $1C0    ; $E310
e313 0001 0004 01e0 0059 01c0 
e318 0281 035c 0004 	        DECLE   $281, $35C, $004, $1E0, $2F5, $092, $204, $00A    ; $E318
e31b 01e0 02f5 0092 0204 000a 
e320 0284 035c 02a1 	        DECLE   $284, $35C, $2A1, $3B9, $080, $008, $089, $204    ; $E320
e323 03b9 0080 0008 0089 0204 
e328 0001 0020 02b7 	        DECLE   $001, $020, $2B7, $004, $1E0, $3BD, $004, $1E4    ; $E328
e32b 0004 01e0 03bd 0004 01e4 
e330 0000 0004 01e4 	        DECLE   $000, $004, $1E4, $019, $2B5, $2B5, $2B5, $200    ; $E330
e333 0019 02b5 02b5 02b5 0200 
e338 0152 0004 01e0 	        DECLE   $152, $004, $1E0, $3BD, $004, $1E0, $3E6, $220    ; $E338
e33b 03bd 0004 01e0 03e6 0220 
e340 000f 0004 01e0 	        DECLE   $00F, $004, $1E0, $3BD, $004, $1E4, $000, $004    ; $E340
e343 03bd 0004 01e4 0000 0004 
e348 01e4 0029 0004 	        DECLE   $1E4, $029, $004, $1E4, $02E, $220, $01A, $004    ; $E348
e34b 01e4 002e 0220 001a 0004 
e350 01e0 03bd 0004 	        DECLE   $1E0, $3BD, $004, $1E0, $3E6, $220, $00F, $001    ; $E350
e353 01e0 03e6 0220 000f 0001 
e358 02b9 0051 0047 	        DECLE   $2B9, $051, $047, $08B, $33B, $028, $288, $2BC    ; $E358
e35b 008b 033b 0028 0288 02bc 
e360 011f 03b8 0080 	        DECLE   $11F, $3B8, $080, $204, $001, $00C, $2A0, $081    ; $E360
e363 0204 0001 000c 02a0 0081 
e368 0082 03b8 000f 	        DECLE   $082, $3B8, $00F, $3B9, $040, $204, $002, $2F8    ; $E368
e36b 03b9 0040 0204 0002 02f8 
e370 0064 03ba 0080 	        DECLE   $064, $3BA, $080, $20C, $002, $008, $020, $004    ; $E370
e373 020c 0002 0008 0020 0004 
e378 01e4 01fb 033b 	        DECLE   $1E4, $1FB, $33B, $01C, $00C, $2A0, $081, $3B8    ; $E378
e37b 001c 000c 02a0 0081 03b8 
e380 0003 0200 014b 	        DECLE   $003, $200, $14B, $2BB, $030, $2BA, $007, $004    ; $E380
e383 02bb 0030 02ba 0007 0004 
e388 01e4 037d 0270 	        DECLE   $1E4, $37D, $270, $2BB, $034, $004, $1E4, $37D    ; $E388
e38b 02bb 0034 0004 01e4 037d 
e390 0004 0114 0372 	        DECLE   $004, $114, $372, $3BB, $07F, $2B0, $272, $273    ; $E390
e393 03bb 007f 02b0 0272 0273 
e398 0004 0114 0372 	        DECLE   $004, $114, $372, $3BB, $07F, $2B1, $119, $203    ; $E398
e39b 03bb 007f 02b1 0119 0203 
e3a0 0001 0021 02b0 	        DECLE   $001, $021, $2B0, $110, $203, $001, $020, $0C8    ; $E3A0
e3a3 0110 0203 0001 0020 00c8 
e3a8 0001 02bb 0019 	        DECLE   $001, $2BB, $019, $047, $200, $120, $1C0, $270    ; $E3A8
e3ab 0047 0200 0120 01c0 0270 
e3b0 0004 01e0 03c6 	        DECLE   $004, $1E0, $3C6, $2B5, $2B5, $2B5, $2B0, $008    ; $E3B0
e3b3 02b5 02b5 02b5 02b0 0008 
e3b8 0378 0006 022c 	        DECLE   $378, $006, $22C, $00C, $2B7, $275, $2BB, $008    ; $E3B8
e3bb 000c 02b7 0275 02bb 0008 
e3c0 02ba 0005 0004 	        DECLE   $2BA, $005, $004, $1E4, $37D, $2B5, $275, $270    ; $E3C0
e3c3 01e4 037d 02b5 0275 0270 
e3c8 0004 0174 0194 	        DECLE   $004, $174, $194, $2FB, $008, $084, $004, $114    ; $E3C8
e3cb 02fb 0008 0084 0004 0114 
e3d0 0345 0082 0048 	        DECLE   $345, $082, $048, $04C, $1D0, $29D, $018, $185    ; $E3D0
e3d3 004c 01d0 029d 0018 0185 
e3d8 0018 01c5 025d 	        DECLE   $018, $1C5, $25D, $0DC, $2FC, $003, $1C0, $260    ; $E3D8
e3db 00dc 02fc 0003 01c0 0260 
e3e0 02b0 02b4 0273 	        DECLE   $2B0, $2B4, $273, $272, $270, $0A7, $275, $2BA    ; $E3E0
e3e3 0272 0270 00a7 0275 02ba 
e3e8 001f 02bb 003c 	        DECLE   $01F, $2BB, $03C, $004, $1E4, $37D, $2B4, $081    ; $E3E8
e3eb 0004 01e4 037d 02b4 0081 
e3f0 02b0 0270 0004 	        DECLE   $2B0, $270, $004, $174, $188, $2B0, $2B2, $2B3    ; $E3F0
e3f3 0174 0188 02b0 02b2 02b3 
e3f8 029d 0091 0049 	        DECLE   $29D, $091, $049, $04D, $1CD, $25D, $220, $01D    ; $E3F8
e3fb 004d 01cd 025d 0220 001d 
e400 0275 0001 02ba 	        DECLE   $275, $001, $2BA, $0FF, $00F, $2BB, $03C, $004    ; $E400
e403 00ff 000f 02bb 003c 0004 
e408 01e4 037d 02b4 	        DECLE   $1E4, $37D, $2B4, $081, $2B0, $270, $004, $174    ; $E408
e40b 0081 02b0 0270 0004 0174 
e410 0153 02b0 02b2 	        DECLE   $153, $2B0, $2B2, $2B3, $299, $1D1, $259, $220    ; $E410
e413 02b3 0299 01d1 0259 0220 
e418 0036 0275 02ba 	        DECLE   $036, $275, $2BA, $00F, $2BB, $054, $004, $1E4    ; $E418
e41b 000f 02bb 0054 0004 01e4 
e420 037d 02b4 0081 	        DECLE   $37D, $2B4, $081, $2B0, $270, $004, $174, $163    ; $E420
e423 02b0 0270 0004 0174 0163 
e428 00a7 0275 02b8 	        DECLE   $0A7, $275, $2B8, $030, $220, $00C, $275, $001    ; $E428
e42b 0030 0220 000c 0275 0001 
e430 02bb 0039 0047 	        DECLE   $2BB, $039, $047, $004, $1E4, $1A2, $270, $2BB    ; $E430
e433 0004 01e4 01a2 0270 02bb 
e438 0010 02ba 000f 	        DECLE   $010, $2BA, $00F, $004, $1E4, $37D, $081, $2B2    ; $E438
e43b 0004 01e4 037d 0081 02b2 
e440 02b4 02b0 0270 	        DECLE   $2B4, $2B0, $270, $004, $174, $170, $0A7, $001    ; $E440
e443 0004 0174 0170 00a7 0001 
e448 02bb 0045 0047 	        DECLE   $2BB, $045, $047, $2BC, $007, $004, $1E4, $1DC    ; $E448
e44b 02bc 0007 0004 01e4 01dc 
e450 0080 0203 0006 	        DECLE   $080, $203, $006, $020, $004, $114, $2D5, $200    ; $E450
e453 0020 0004 0114 02d5 0200 
e458 0032 0004 0114 	        DECLE   $032, $004, $114, $2CF, $200, $02D, $001, $2BC    ; $E458
e45b 02cf 0200 002d 0001 02bc 
e460 005d 0047 02b9 	        DECLE   $05D, $047, $2B9, $001, $004, $1EC, $3CA, $004    ; $E460
e463 0001 0004 01ec 03ca 0004 
e468 01ec 0372 0274 	        DECLE   $1EC, $372, $274, $2BB, $038, $2BA, $007, $004    ; $E468
e46b 02bb 0038 02ba 0007 0004 
e470 01e4 037d 0004 	        DECLE   $1E4, $37D, $004, $114, $36C, $08A, $2B1, $001    ; $E470
e473 0114 036c 008a 02b1 0001 
e478 02bd 0000 0050 	        DECLE   $2BD, $000, $050, $2AB, $043, $3BB, $0FC, $20C    ; $E478
e47b 02ab 0043 03bb 00fc 020c 
e480 0020 02fd 0013 	        DECLE   $020, $2FD, $013, $245, $2F0, $004, $114, $2B2    ; $E480
e483 0245 02f0 0004 0114 02b2 
e488 0004 012c 03ed 	        DECLE   $004, $12C, $3ED, $2B8, $001, $2B7, $001, $2BD    ; $E488
e48b 02b8 0001 02b7 0001 02bd 
e490 0007 0041 0001 	        DECLE   $007, $041, $001, $2A9, $001, $2AA, $001, $2BC    ; $E490
e493 02a9 0001 02aa 0001 02bc 
e498 00b1 0047 0001 	        DECLE   $0B1, $047, $001, $2A3, $33A, $008, $151, $20B    ; $E498
e49b 02a3 033a 0008 0151 020b 
e4a0 0005 0004 011c 	        DECLE   $005, $004, $11C, $31B, $220, $01A, $33B, $008    ; $E4A0
e4a3 031b 0220 001a 033b 0008 
e4a8 0273 033c 0002 	        DECLE   $273, $33C, $002, $263, $043, $263, $004, $12C    ; $E4A8
e4ab 0263 0043 0263 0004 012c 
e4b0 03be 02bb 0030 	        DECLE   $3BE, $2BB, $030, $2BA, $00F, $004, $1E4, $37D    ; $E4B0
e4b3 02ba 000f 0004 01e4 037d 
e4b8 0008 0081 02b4 	        DECLE   $008, $081, $2B4, $00C, $220, $059, $2BB, $034    ; $E4B8
e4bb 000c 0220 0059 02bb 0034 
e4c0 02ba 005f 0004 	        DECLE   $2BA, $05F, $004, $1E4, $37D, $082, $004, $170    ; $E4C0
e4c3 01e4 037d 0082 0004 0170 
e4c8 0365 0088 0001 	        DECLE   $365, $088, $001, $2BB, $049, $047, $004, $1EC    ; $E4C8
e4cb 02bb 0049 0047 0004 01ec 
e4d0 0340 0220 0047 	        DECLE   $340, $220, $047, $061, $339, $012, $004, $120    ; $E4D0
e4d3 0061 0339 0012 0004 0120 
e4d8 03a3 0270 0271 	        DECLE   $3A3, $270, $271, $093, $2BA, $014, $2B9, $001    ; $E4D8
e4db 0093 02ba 0014 02b9 0001 
e4e0 0004 01e4 0191 	        DECLE   $004, $1E4, $191, $2B1, $0C1, $011, $2B0, $080    ; $E4E0
e4e3 02b1 00c1 0011 02b0 0080 
e4e8 020c 000b 0271 	        DECLE   $20C, $00B, $271, $2BA, $03F, $004, $1E4, $387    ; $E4E8
e4eb 02ba 003f 0004 01e4 0387 
e4f0 02b1 02f8 0020 	        DECLE   $2B1, $2F8, $020, $248, $2B7, $288, $080, $204    ; $E4F0
e4f3 0248 02b7 0288 0080 0204 
e4f8 013b 0338 0020 	        DECLE   $13B, $338, $020, $200, $137, $004, $1E4, $2B3    ; $E4F8
e4fb 0200 0137 0004 01e4 02b3 
e500 01c9 0200 0005 	        DECLE   $1C9, $200, $005, $004, $1E4, $2B3, $2B9, $001    ; $E500
e503 0004 01e4 02b3 02b9 0001 
e508 02fa 0004 0080 	        DECLE   $2FA, $004, $080, $20C, $01D, $271, $272, $283    ; $E508
e50b 020c 001d 0271 0272 0283 
e510 035c 02bc 007f 	        DECLE   $35C, $2BC, $07F, $004, $1E4, $1DC, $2B2, $2B3    ; $E510
e513 0004 01e4 01dc 02b2 02b3 
e518 0270 0290 0004 	        DECLE   $270, $290, $004, $114, $357, $2B5, $09B, $20C    ; $E518
e51b 0114 0357 02b5 009b 020c 
e520 0003 00a8 0200 	        DECLE   $003, $0A8, $200, $001, $0A9, $004, $114, $34F    ; $E520
e523 0001 00a9 0004 0114 034f 
e528 0250 02b7 0290 	        DECLE   $250, $2B7, $290, $08B, $004, $114, $357, $09B    ; $E528
e52b 008b 0004 0114 0357 009b 
e530 0204 003c 0088 	        DECLE   $204, $03C, $088, $200, $039, $270, $093, $004    ; $E530
e533 0200 0039 0270 0093 0004 
e538 01e4 01a2 0378 	        DECLE   $1E4, $1A2, $378, $004, $20C, $01D, $001, $2BD    ; $E538
e53b 0004 020c 001d 0001 02bd 
e540 00b3 0047 02b0 	        DECLE   $0B3, $047, $2B0, $080, $204, $006, $001, $2A8    ; $E540
e543 0080 0204 0006 0001 02a8 
e548 03b8 0007 0200 	        DECLE   $3B8, $007, $200, $0E8, $275, $2BA, $007, $004    ; $E548
e54b 00e8 0275 02ba 0007 0004 
e550 01e4 0387 0001 	        DECLE   $1E4, $387, $001, $3F8, $000, $022, $2B5, $268    ; $E550
e553 03f8 0000 0022 02b5 0268 
e558 0040 0268 02b7 	        DECLE   $040, $268, $2B7, $2B1, $089, $204, $01C, $001    ; $E558
e55b 02b1 0089 0204 001c 0001 
e560 02ba 00b7 0047 	        DECLE   $2BA, $0B7, $047, $293, $063, $067, $3BB, $003    ; $E560
e563 0293 0063 0067 03bb 0003 
e568 0143 020c 000c 	        DECLE   $143, $20C, $00C, $290, $3B8, $007, $001, $2BB    ; $E568
e56b 0290 03b8 0007 0001 02bb 
e570 00db 0047 0004 	        DECLE   $0DB, $047, $004, $1E4, $1FB, $200, $0C4, $1C0    ; $E570
e573 01e4 01fb 0200 00c4 01c0 
e578 0010 0220 000c 	        DECLE   $010, $220, $00C, $270, $2BA, $007, $004, $1E4    ; $E578
e57b 0270 02ba 0007 0004 01e4 
e580 0387 02b1 0379 	        DECLE   $387, $2B1, $379, $004, $20B, $002, $2B9, $003    ; $E580
e583 0004 020b 0002 02b9 0003 
e588 004d 0049 01c8 	        DECLE   $04D, $049, $1C8, $001, $2BA, $0B7, $047, $250    ; $E588
e58b 0001 02ba 00b7 0047 0250 
e590 02b7 0275 0271 	        DECLE   $2B7, $275, $271, $272, $004, $1E4, $1A2, $2B2    ; $E590
e593 0272 0004 01e4 01a2 02b2 
e598 02b1 0148 0203 	        DECLE   $2B1, $148, $203, $001, $088, $142, $203, $001    ; $E598
e59b 0001 0088 0142 0203 0001 
e5a0 0090 02b7 0275 	        DECLE   $090, $2B7, $275, $099, $001, $2BA, $0DB, $047    ; $E5A0
e5a3 0099 0001 02ba 00db 0047 
e5a8 0004 01ec 0058 	        DECLE   $004, $1EC, $058, $001, $2BB, $0DB, $047, $004    ; $E5A8
e5ab 0001 02bb 00db 0047 0004 
e5b0 01e4 01b3 02b7 	        DECLE   $1E4, $1B3, $2B7, $275, $299, $3B9, $080, $20C    ; $E5B0
e5b3 0275 0299 03b9 0080 020c 
e5b8 001e 0099 0004 	        DECLE   $01E, $099, $004, $1E0, $1DD, $092, $20B, $017    ; $E5B8
e5bb 01e0 01dd 0092 020b 0017 
e5c0 037a 0005 0203 	        DECLE   $37A, $005, $203, $015, $37A, $004, $204, $009    ; $E5C0
e5c3 0015 037a 0004 0204 0009 
e5c8 01c0 0004 01e0 	        DECLE   $1C0, $004, $1E0, $15E, $004, $1E0, $1DD, $220    ; $E5C8
e5cb 015e 0004 01e0 01dd 0220 
e5d0 000c 008d 000d 	        DECLE   $00C, $08D, $00D, $001, $2A8, $040, $2B7, $1C0    ; $E5D0
e5d3 0001 02a8 0040 02b7 01c0 
e5d8 02b7 01c0 0010 	        DECLE   $2B7, $1C0, $010, $2B7, $275, $099, $001, $2BA    ; $E5D8
e5db 02b7 0275 0099 0001 02ba 
e5e0 00db 0047 0093 	        DECLE   $0DB, $047, $093, $004, $1EC, $058, $298, $081    ; $E5E0
e5e3 0004 01ec 0058 0298 0081 
e5e8 03b9 0080 03b8 	        DECLE   $3B9, $080, $3B8, $07F, $258, $271, $004, $1E4    ; $E5E8
e5eb 007f 0258 0271 0004 01e4 
e5f0 01b3 0144 0203 	        DECLE   $1B3, $144, $203, $001, $0A0, $2B5, $0AD, $204    ; $E5F0
e5f3 0001 00a0 02b5 00ad 0204 
e5f8 0001 0020 02b7 	        DECLE   $001, $020, $2B7, $275, $1ED, $080, $203, $002    ; $E5F8
e5fb 0275 01ed 0080 0203 0002 
e600 000d 0020 0275 	        DECLE   $00D, $020, $275, $004, $1EC, $340, $2B5, $0AD    ; $E600
e603 0004 01ec 0340 02b5 00ad 
e608 0204 0004 0298 	        DECLE   $204, $004, $298, $3F8, $080, $258, $2B7, $004    ; $E608
e60b 03f8 0080 0258 02b7 0004 
e610 01e4 02b3 02b9 	        DECLE   $1E4, $2B3, $2B9, $0A7, $200, $006, $004, $1E4    ; $E610
e613 00a7 0200 0006 0004 01e4 
e618 02b3 02b9 0068 	        DECLE   $2B3, $2B9, $068, $00A, $2FA, $002, $080, $20C    ; $E618
e61b 000a 02fa 0002 0080 020c 
e620 0009 0272 008a 	        DECLE   $009, $272, $08A, $004, $1E4, $387, $040, $2B2    ; $E620
e623 0004 01e4 0387 0040 02b2 
e628 0250 02b7 0290 	        DECLE   $250, $2B7, $290, $040, $2BB, $0FF, $379, $0A7    ; $E628
e62b 0040 02bb 00ff 0379 00a7 
e630 0204 0001 0063 	        DECLE   $204, $001, $063, $198, $001, $2BB, $0DB, $047    ; $E630
e633 0198 0001 02bb 00db 0047 
e638 0004 01ec 0340 	        DECLE   $004, $1EC, $340, $09A, $004, $378, $03D, $004    ; $E638
e63b 009a 0004 0378 003d 0004 
e640 01e4 02b3 0272 	        DECLE   $1E4, $2B3, $272, $080, $20C, $017, $2BA, $00F    ; $E640
e643 0080 020c 0017 02ba 000f 
e648 0004 01e4 0387 	        DECLE   $004, $1E4, $387, $2B2, $291, $001, $3B9, $0E8    ; $E648
e64b 02b2 0291 0001 03b9 00e8 
e650 00ff 0083 03b8 	        DECLE   $0FF, $083, $3B8, $007, $3BB, $008, $204, $002    ; $E650
e653 0007 03bb 0008 0204 0002 
e658 03f8 0010 01c1 	        DECLE   $3F8, $010, $1C1, $251, $2B7, $2B2, $294, $0A5    ; $E658
e65b 0251 02b7 02b2 0294 00a5 
e660 03bd 0010 03bc 	        DECLE   $3BD, $010, $3BC, $007, $0AD, $204, $002, $3FC    ; $E660
e663 0007 00ad 0204 0002 03fc 
e668 0008 00a0 0220 	        DECLE   $008, $0A0, $220, $037, $080, $224, $0CD, $2B8    ; $E668
e66b 0037 0080 0224 00cd 02b8 
e670 0064 0004 0114 	        DECLE   $064, $004, $114, $29E, $220, $041, $2BB, $010    ; $E670
e673 029e 0220 0041 02bb 0010 
e678 0043 0273 0200 	        DECLE   $043, $273, $200, $000, $004, $1E4, $2B3, $272    ; $E678
e67b 0000 0004 01e4 02b3 0272 
e680 0080 020c 0013 	        DECLE   $080, $20C, $013, $283, $35C, $2B2, $2B1, $019    ; $E680
e683 0283 035c 02b2 02b1 0019 
e688 0294 0298 03b8 	        DECLE   $294, $298, $3B8, $080, $204, $003, $18C, $254    ; $E688
e68b 0080 0204 0003 018c 0254 
e690 02b7 018c 0019 	        DECLE   $2B7, $18C, $019, $1CC, $254, $2B7, $2B2, $2B1    ; $E690
e693 01cc 0254 02b7 02b2 02b1 
e698 0294 018c 00a4 	        DECLE   $294, $18C, $0A4, $204, $002, $2BC, $002, $0A0    ; $E698
e69b 0204 0002 02bc 0002 00a0 
e6a0 0010 0220 0134 	        DECLE   $010, $220, $134, $2BB, $020, $220, $02E, $2BB    ; $E6A0
e6a3 02bb 0020 0220 002e 02bb 
e6a8 0001 0220 0032 	        DECLE   $001, $220, $032, $2BB, $004, $220, $036, $2BB    ; $E6A8
e6ab 02bb 0004 0220 0036 02bb 
e6b0 0002 0220 003a 	        DECLE   $002, $220, $03A, $275, $270, $093, $1C9, $2BA    ; $E6B0
e6b3 0275 0270 0093 01c9 02ba 
e6b8 0007 0004 01e4 	        DECLE   $007, $004, $1E4, $191, $004, $114, $36C, $08A    ; $E6B8
e6bb 0191 0004 0114 036c 008a 
e6c0 02b0 02b7 0270 	        DECLE   $2B0, $2B7, $270, $061, $271, $001, $2F9, $0F9    ; $E6C0
e6c3 0061 0271 0001 02f9 00f9 
e6c8 0040 0288 0080 	        DECLE   $040, $288, $080, $204, $022, $270, $093, $004    ; $E6C8
e6cb 0204 0022 0270 0093 0004 
e6d0 01e4 01a2 02b1 	        DECLE   $1E4, $1A2, $2B1, $141, $20B, $019, $080, $204    ; $E6D0
e6d3 0141 020b 0019 0080 0204 
e6d8 0016 02b2 004a 	        DECLE   $016, $2B2, $04A, $095, $001, $2FD, $0E8, $040    ; $E6D8
e6db 0095 0001 02fd 00e8 0040 
e6e0 0001 02aa 0010 	        DECLE   $001, $2AA, $010, $04C, $0C2, $2B0, $080, $22C    ; $E6E0
e6e3 004c 00c2 02b0 0080 022c 
e6e8 00ac 0281 035c 	        DECLE   $0AC, $281, $35C, $004, $1EC, $058, $2B7, $2B5    ; $E6E8
e6eb 0004 01ec 0058 02b7 02b5 
e6f0 02b5 00ad 0224 	        DECLE   $2B5, $0AD, $224, $005, $001, $2BA, $0FE, $025    ; $E6F0
e6f3 0005 0001 02ba 00fe 0025 
e6f8 0220 00bd 0080 	        DECLE   $220, $0BD, $080, $224, $00E, $093, $001, $2BC    ; $E6F8
e6fb 0224 000e 0093 0001 02bc 
e700 00ff 007f 0004 	        DECLE   $0FF, $07F, $004, $1E4, $1DC, $220, $198, $270    ; $E700
e703 01e4 01dc 0220 0198 0270 
e708 0093 01c9 02ba 	        DECLE   $093, $1C9, $2BA, $0EF, $004, $1E4, $191, $081    ; $E708
e70b 00ef 0004 01e4 0191 0081 
e710 02f9 0200 02b0 	        DECLE   $2F9, $200, $2B0, $080, $20C, $01B, $271, $2BA    ; $E710
e713 0080 020c 001b 0271 02ba 
e718 000f 0004 01e4 	        DECLE   $00F, $004, $1E4, $387, $081, $082, $3B8, $003    ; $E718
e71b 0387 0081 0082 03b8 0003 
e720 03b9 0004 03ba 	        DECLE   $3B9, $004, $3BA, $008, $04A, $04D, $049, $048    ; $E720
e723 0008 004a 004d 0049 0048 
e728 01c8 01d0 0040 	        DECLE   $1C8, $1D0, $040, $2B1, $248, $004, $1EC, $3B8    ; $E728
e72b 02b1 0248 0004 01ec 03b8 
e730 02b7 028a 0042 	        DECLE   $2B7, $28A, $042, $090, $091, $3B8, $020, $3B9    ; $E730
e733 0090 0091 03b8 0020 03b9 
e738 0010 03ba 0006 	        DECLE   $010, $3BA, $006, $062, $061, $064, $060, $1C8    ; $E738
e73b 0062 0061 0064 0060 01c8 
e740 01d0 0220 010e 	        DECLE   $1D0, $220, $10E, $004, $1E4, $2B3, $2FA, $005    ; $E740
e743 0004 01e4 02b3 02fa 0005 
e748 0080 020c 000f 	        DECLE   $080, $20C, $00F, $272, $2BA, $00F, $004, $1E4    ; $E748
e74b 0272 02ba 000f 0004 01e4 
e750 0387 02b2 0291 	        DECLE   $387, $2B2, $291, $001, $3B9, $0F0, $0FF, $1C1    ; $E750
e753 0001 03b9 00f0 00ff 01c1 
e758 0251 02b7 0290 	        DECLE   $251, $2B7, $290, $3B8, $00F, $220, $12A, $004    ; $E758
e75b 03b8 000f 0220 012a 0004 
e760 01e4 02b3 02fa 	        DECLE   $1E4, $2B3, $2FA, $005, $080, $20C, $00F, $272    ; $E760
e763 0005 0080 020c 000f 0272 
e768 02ba 003f 0004 	        DECLE   $2BA, $03F, $004, $1E4, $387, $2B2, $291, $3B9    ; $E768
e76b 01e4 0387 02b2 0291 03b9 
e770 000f 004c 004c 	        DECLE   $00F, $04C, $04C, $1C1, $251, $2B7, $290, $064    ; $E770
e773 01c1 0251 02b7 0290 0064 
e778 0064 03b8 003f 	        DECLE   $064, $3B8, $03F, $220, $148, $275, $001, $2FB    ; $E778
e77b 0220 0148 0275 0001 02fb 
e780 000d 0047 01c9 	        DECLE   $00D, $047, $1C9, $004, $1E4, $191, $2B7, $275    ; $E780
e783 0004 01e4 0191 02b7 0275 
e788 0283 035c 01c9 	        DECLE   $283, $35C, $1C9, $004, $1E4, $191, $2B7, $275    ; $E788
e78b 0004 01e4 0191 02b7 0275 
e790 0284 0354 0274 	        DECLE   $284, $354, $274, $2B8, $029, $004, $114, $338    ; $E790
e793 02b8 0029 0004 0114 0338 
e798 02b3 009c 02fc 	        DECLE   $2B3, $09C, $2FC, $02A, $004, $1E8, $16B, $00C    ; $E798
e79b 002a 0004 01e8 016b 000c 
e7a0 02b8 0012 0004 	        DECLE   $2B8, $012, $004, $1EC, $3E0, $09D, $2A1, $089    ; $E7A0
e7a3 01ec 03e0 009d 02a1 0089 
e7a8 0204 0335 0088 	        DECLE   $204, $335, $088, $3B8, $0E0, $378, $0A0, $20C    ; $E7A8
e7ab 03b8 00e0 0378 00a0 020c 
e7b0 010d 03b9 001f 	        DECLE   $10D, $3B9, $01F, $04D, $08A, $001, $2FA, $049    ; $E7B0
e7b3 004d 008a 0001 02fa 0049 
e7b8 002b 02bb 0004 	        DECLE   $02B, $2BB, $004, $290, $378, $020, $204, $005    ; $E7B8
e7bb 0290 0378 0020 0204 0005 
e7c0 0268 000a 0013 	        DECLE   $268, $00A, $013, $22C, $009, $2B8, $020, $268    ; $E7C0
e7c3 022c 0009 02b8 0020 0268 
e7c8 00ab 0065 0009 	        DECLE   $0AB, $065, $009, $0F9, $2CF, $099, $07C, $013    ; $E7C8
e7cb 00f9 02cf 0099 007c 0013 
e7d0 0084 001b 00bb 	        DECLE   $084, $01B, $0BB, $080, $312, $0B5, $0B5, $312    ; $E7D0
e7d3 0080 0312 00b5 00b5 0312 
e7d8 0080 0312 0052 	        DECLE   $080, $312, $052, $03F, $04C, $04C, $084, $0BB    ; $E7D8
e7db 003f 004c 004c 0084 00bb 
e7e0 0015 02a0 0080 	        DECLE   $015, $2A0, $080, $204, $2FA, $268, $220, $006    ; $E7E0
e7e3 0204 02fa 0268 0220 0006 
e7e8 02a1 0089 0204 	        DECLE   $2A1, $089, $204, $2F3, $3B9, $00F, $271, $049    ; $E7E8
e7eb 02f3 03b9 000f 0271 0049 
e7f0 0001 02f9 00ec 	        DECLE   $001, $2F9, $0EC, $026, $288, $268, $009, $288    ; $E7F0
e7f3 0026 0288 0268 0009 0288 
e7f8 0268 02b8 0028 	        DECLE   $268, $2B8, $028, $268, $2B1, $001, $2F9, $0F9    ; $E7F8
e7fb 0268 02b1 0001 02f9 00f9 
e800 0040 028a 00ab 	        DECLE   $040, $28A, $0AB, $004, $1E8, $174, $013, $2B8    ; $E800
e803 0004 01e8 0174 0013 02b8 
e808 0029 0258 0200 	        DECLE   $029, $258, $200, $2D3, $0AB, $004, $17C, $3AF    ; $E808
e80b 02d3 00ab 0004 017c 03af 
e810 02b8 003d 0258 	        DECLE   $2B8, $03D, $258, $00B, $004, $17C, $378, $200    ; $E810
e813 000b 0004 017c 0378 0200 
e818 02c6 00ab 0004 	        DECLE   $2C6, $0AB, $004, $17C, $3AF, $200, $2C0, $2A1    ; $E818
e81b 017c 03af 0200 02c0 02a1 
e820 0089 0204 02bc 	        DECLE   $089, $204, $2BC, $275, $2BA, $00C, $2B8, $006    ; $E820
e823 0275 02ba 000c 02b8 0006 
e828 0004 01ec 03e0 	        DECLE   $004, $1EC, $3E0, $14A, $20B, $006, $001, $2BA    ; $E828
e82b 014a 020b 0006 0001 02ba 
e830 00bb 0026 0200 	        DECLE   $0BB, $026, $200, $007, $285, $2F0, $2FD, $00C    ; $E830
e833 0007 0285 02f0 02fd 000c 
e838 0111 0001 02aa 	        DECLE   $111, $001, $2AA, $011, $04D, $0D1, $2BA, $004    ; $E838
e83b 0011 004d 00d1 02ba 0004 
e840 02b5 028b 026b 	        DECLE   $2B5, $28B, $26B, $009, $012, $22C, $005, $200    ; $E840
e843 0009 0012 022c 0005 0200 
e848 0296 02a0 0268 	        DECLE   $296, $2A0, $268, $200, $292, $0AB, $004, $17C    ; $E848
e84b 0200 0292 00ab 0004 017c 
e850 0378 02a0 0080 	        DECLE   $378, $2A0, $080, $204, $28A, $014, $014, $004    ; $E850
e853 0204 028a 0014 0014 0004 
e858 01e8 00c5 000c 	        DECLE   $1E8, $0C5, $00C, $2A0, $080, $204, $280, $014    ; $E858
e85b 02a0 0080 0204 0280 0014 
e860 02b8 002c 0258 	        DECLE   $2B8, $02C, $258, $00B, $220, $00F, $2A0, $268    ; $E860
e863 000b 0220 000f 02a0 0268 
e868 02b8 003d 0268 	        DECLE   $2B8, $03D, $268, $0AB, $004, $1E8, $1A3, $09D    ; $E868
e86b 00ab 0004 01e8 01a3 009d 
e870 02b8 0020 0268 	        DECLE   $2B8, $020, $268, $2B8, $054, $268, $2B8, $04F    ; $E870
e873 02b8 0054 0268 02b8 004f 
e878 0268 02b8 0020 	        DECLE   $268, $2B8, $020, $268, $0AB, $004, $1E8, $1A3    ; $E878
e87b 0268 00ab 0004 01e8 01a3 
e880 0200 025d 00ab 	        DECLE   $200, $25D, $0AB, $004, $1E8, $16B, $200, $257    ; $E880
e883 0004 01e8 016b 0200 0257 
e888 0015 02b8 0028 	        DECLE   $015, $2B8, $028, $268, $0AB, $004, $1E8, $1A3    ; $E888
e88b 0268 00ab 0004 01e8 01a3 
e890 02a0 0004 01e8 	        DECLE   $2A0, $004, $1E8, $158, $2FB, $002, $004, $1E8    ; $E890
e893 0158 02fb 0002 0004 01e8 
e898 01a3 02b8 0029 	        DECLE   $1A3, $2B8, $029, $258, $00B, $285, $354, $2FD    ; $E898
e89b 0258 000b 0285 0354 02fd 
e8a0 002d 0275 00a9 	        DECLE   $02D, $275, $0A9, $011, $289, $001, $2F9, $0AF    ; $E8A0
e8a3 0011 0289 0001 02f9 00af 
e8a8 0040 02ba 0003 	        DECLE   $040, $2BA, $003, $14C, $203, $005, $2A0, $268    ; $E8A8
e8ab 014c 0203 0005 02a0 0268 
e8b0 000a 0220 0007 	        DECLE   $00A, $220, $007, $37A, $003, $204, $227, $1C0    ; $E8B0
e8b3 037a 0003 0204 0227 01c0 
e8b8 0268 02b4 0014 	        DECLE   $268, $2B4, $014, $262, $220, $11D, $0AB, $014    ; $E8B8
e8bb 0262 0220 011d 00ab 0014 
e8c0 0004 01e8 00c5 	        DECLE   $004, $1E8, $0C5, $200, $21A, $275, $001, $2BD    ; $E8C0
e8c3 0200 021a 0275 0001 02bd 
e8c8 0078 0040 00a0 	        DECLE   $078, $040, $0A0, $268, $040, $268, $004, $1E8    ; $E8C8
e8cb 0268 0040 0268 0004 01e8 
e8d0 0229 0080 0204 	        DECLE   $229, $080, $204, $004, $378, $00D, $22C, $009    ; $E8D0
e8d3 0004 0378 000d 022c 0009 
e8d8 0274 0014 00a2 	        DECLE   $274, $014, $0A2, $1C0, $09D, $268, $001, $37D    ; $E8D8
e8db 01c0 009d 0268 0001 037d 
e8e0 00af 0040 022b 	        DECLE   $0AF, $040, $22B, $006, $0AB, $013, $1E4, $001    ; $E8E0
e8e3 0006 00ab 0013 01e4 0001 
e8e8 037a 00b1 0040 	        DECLE   $37A, $0B1, $040, $204, $046, $004, $1E8, $265    ; $E8E8
e8eb 0204 0046 0004 01e8 0265 
e8f0 0290 0378 0080 	        DECLE   $290, $378, $080, $204, $048, $378, $0A3, $204    ; $E8F0
e8f3 0204 0048 0378 00a3 0204 
e8f8 003a 0378 00b1 	        DECLE   $03A, $378, $0B1, $204, $036, $378, $0A4, $204    ; $E8F8
e8fb 0204 0036 0378 00a4 0204 
e900 0032 0378 0001 	        DECLE   $032, $378, $001, $204, $02E, $378, $0A8, $204    ; $E900
e903 0204 002e 0378 00a8 0204 
e908 002a 0378 000d 	        DECLE   $02A, $378, $00D, $204, $026, $3B8, $0E0, $378    ; $E908
e90b 0204 0026 03b8 00e0 0378 
e910 0080 020c 002a 	        DECLE   $080, $20C, $02A, $290, $378, $08A, $20C, $007    ; $E910
e913 0290 0378 008a 020c 0007 
e918 0270 000c 0004 	        DECLE   $270, $00C, $004, $1E8, $158, $200, $036, $378    ; $E918
e91b 01e8 0158 0200 0036 0378 
e920 0084 020c 0002 	        DECLE   $084, $20C, $002, $200, $030, $378, $082, $20C    ; $E920
e923 0200 0030 0378 0082 020c 
e928 0010 0004 01e8 	        DECLE   $010, $004, $1E8, $158, $012, $004, $1E8, $265    ; $E928
e92b 0158 0012 0004 01e8 0265 
e930 0004 01e8 023c 	        DECLE   $004, $1E8, $23C, $004, $1E8, $2B4, $0A3, $2B4    ; $E930
e933 0004 01e8 02b4 00a3 02b4 
e938 02b7 0270 000c 	        DECLE   $2B7, $270, $00C, $200, $018, $004, $1E8, $23C    ; $E938
e93b 0200 0018 0004 01e8 023c 
e940 00a4 0224 005b 	        DECLE   $0A4, $224, $05B, $2B0, $014, $378, $08A, $20C    ; $E940
e943 02b0 0014 0378 008a 020c 
e948 0007 02b8 0084 	        DECLE   $007, $2B8, $084, $004, $1E8, $158, $220, $00F    ; $E948
e94b 0004 01e8 0158 0220 000f 
e950 0004 01e8 0158 	        DECLE   $004, $1E8, $158, $220, $06D, $012, $220, $070    ; $E950
e953 0220 006d 0012 0220 0070 
e958 0275 0080 020c 	        DECLE   $275, $080, $20C, $003, $2B5, $200, $180, $085    ; $E958
e95b 0003 02b5 0200 0180 0085 
e960 03bd 001f 0015 	        DECLE   $3BD, $01F, $015, $001, $2FD, $096, $02B, $2A8    ; $E960
e963 0001 02fd 0096 002b 02a8 
e968 0258 0013 02b7 	        DECLE   $258, $013, $2B7, $275, $001, $2A2, $04A, $062    ; $E968
e96b 0275 0001 02a2 004a 0062 
e970 0004 01e8 0174 	        DECLE   $004, $1E8, $174, $2B7, $275, $001, $2B9, $010    ; $E970
e973 02b7 0275 0001 02b9 0010 
e978 0027 014a 0203 	        DECLE   $027, $14A, $203, $00A, $272, $2BA, $00A, $004    ; $E978
e97b 000a 0272 02ba 000a 0004 
e980 011c 01fb 02b2 	        DECLE   $11C, $1FB, $2B2, $081, $220, $00C, $088, $091    ; $E980
e983 0081 0220 000c 0088 0091 
e988 0082 0272 0004 	        DECLE   $082, $272, $004, $11C, $1FB, $2F8, $030, $258    ; $E988
e98b 011c 01fb 02f8 0030 0258 
e990 000b 02b0 0271 	        DECLE   $00B, $2B0, $271, $081, $2BA, $00A, $004, $11C    ; $E990
e993 0081 02ba 000a 0004 011c 
e998 01fb 0081 02b2 	        DECLE   $1FB, $081, $2B2, $089, $22C, $017, $2B8, $020    ; $E998
e99b 0089 022c 0017 02b8 0020 
e9a0 0258 000b 02b7 	        DECLE   $258, $00B, $2B7, $275, $2A0, $080, $20C, $003    ; $E9A0
e9a3 0275 02a0 0080 020c 0003 
e9a8 02b5 0200 0134 	        DECLE   $2B5, $200, $134, $081, $3B9, $0C0, $379, $0C0    ; $E9A8
e9ab 0081 03b9 00c0 0379 00c0 
e9b0 020c 0040 0081 	        DECLE   $20C, $040, $081, $3B9, $03F, $2BA, $016, $2B8    ; $E9B0
e9b3 03b9 003f 02ba 0016 02b8 
e9b8 0004 0004 01ec 	        DECLE   $004, $004, $1EC, $3E0, $151, $203, $007, $049    ; $E9B8
e9bb 03e0 0151 0203 0007 0049 
e9c0 0001 02f9 00ec 	        DECLE   $001, $2F9, $0EC, $026, $200, $009, $111, $285    ; $E9C0
e9c3 0026 0200 0009 0111 0285 
e9c8 02f0 02fd 0008 	        DECLE   $2F0, $2FD, $008, $001, $2A8, $049, $0C1, $288    ; $E9C8
e9cb 0001 02a8 0049 00c1 0288 
e9d0 0258 000b 0009 	        DECLE   $258, $00B, $009, $288, $258, $00B, $2B8, $028    ; $E9D0
e9d3 0288 0258 000b 02b8 0028 
e9d8 0258 000b 02a0 	        DECLE   $258, $00B, $2A0, $378, $080, $204, $006, $014    ; $E9D8
e9db 0378 0080 0204 0006 0014 
e9e0 0200 000b 0270 	        DECLE   $200, $00B, $270, $220, $08F, $004, $1E8, $1FD    ; $E9E0
e9e3 0220 008f 0004 01e8 01fd 
e9e8 02b8 0029 0258 	        DECLE   $2B8, $029, $258, $00B, $2B7, $2A0, $258, $00B    ; $E9E8
e9eb 000b 02b7 02a0 0258 000b 
e9f0 0220 0009 0378 	        DECLE   $220, $009, $378, $080, $20C, $004, $004, $1E8    ; $E9F0
e9f3 0080 020c 0004 0004 01e8 
e9f8 01fd 02b7 0258 	        DECLE   $1FD, $2B7, $258, $00B, $2B7, $275, $004, $1EC    ; $E9F8
e9fb 000b 02b7 0275 0004 01ec 
ea00 0049 02a0 0270 	        DECLE   $049, $2A0, $270, $0A1, $282, $35C, $004, $1EC    ; $EA00
ea03 00a1 0282 035c 0004 01ec 
ea08 0058 02b0 0082 	        DECLE   $058, $2B0, $082, $091, $3BA, $007, $064, $064    ; $EA08
ea0b 0091 03ba 0007 0064 0064 
ea10 03b9 0008 0204 	        DECLE   $3B9, $008, $204, $008, $3B8, $003, $2B9, $002    ; $EA10
ea13 0008 03b8 0003 02b9 0002 
ea18 0110 0010 0200 	        DECLE   $110, $010, $200, $003, $110, $010, $1C9, $274    ; $EA18
ea1b 0003 0110 0010 01c9 0274 
ea20 009c 0004 0120 	        DECLE   $09C, $004, $120, $3EE, $0A3, $2B4, $2FC, $004    ; $EA20
ea23 03ee 00a3 02b4 02fc 0004 
ea28 02b7 0275 02a0 	        DECLE   $2B7, $275, $2A0, $378, $080, $204, $008, $3B8    ; $EA28
ea2b 0378 0080 0204 0008 03b8 
ea30 00c0 0378 00c0 	        DECLE   $0C0, $378, $0C0, $224, $00A, $200, $002, $2FC    ; $EA30
ea33 0224 000a 0200 0002 02fc 
ea38 0005 00a5 02a8 	        DECLE   $005, $0A5, $2A8, $2B7, $275, $274, $094, $004    ; $EA38
ea3b 02b7 0275 0274 0094 0004 
ea40 01e8 0229 01ed 	        DECLE   $1E8, $229, $1ED, $378, $02D, $20C, $001, $00D    ; $EA40
ea43 0378 002d 020c 0001 000d 
ea48 00a9 0272 0290 	        DECLE   $0A9, $272, $290, $378, $080, $20C, $044, $00A    ; $EA48
ea4b 0378 0080 020c 0044 000a 
ea50 0290 03b8 0008 	        DECLE   $290, $3B8, $008, $204, $02B, $2F9, $004, $290    ; $EA50
ea53 0204 002b 02f9 0004 0290 
ea58 0064 0064 03b8 	        DECLE   $064, $064, $3B8, $003, $0C1, $290, $3B8, $007    ; $EA58
ea5b 0003 00c1 0290 03b8 0007 
ea60 0204 0028 0009 	        DECLE   $204, $028, $009, $200, $025, $275, $274, $001    ; $EA60
ea63 0200 0025 0275 0274 0001 
ea68 02bd 0078 0040 	        DECLE   $2BD, $078, $040, $001, $2AC, $0A1, $004, $1E8    ; $EA68
ea6b 0001 02ac 00a1 0004 01e8 
ea70 0229 0154 0204 	        DECLE   $229, $154, $204, $006, $22B, $008, $1C0, $08A    ; $EA70
ea73 0006 022b 0008 01c0 008a 
ea78 02b4 02b7 0378 	        DECLE   $2B4, $2B7, $378, $02D, $22C, $010, $220, $008    ; $EA78
ea7b 002d 022c 0010 0220 0008 
ea80 0290 0064 0064 	        DECLE   $290, $064, $064, $0C1, $290, $3B8, $007, $204    ; $EA80
ea83 00c1 0290 03b8 0007 0204 
ea88 0001 0009 000a 	        DECLE   $001, $009, $00A, $290, $3B8, $080, $204, $00F    ; $EA88
ea8b 0290 03b8 0080 0204 000f 
ea90 0009 0200 000c 	        DECLE   $009, $200, $00C, $3B8, $0C0, $378, $0C0, $20C    ; $EA90
ea93 03b8 00c0 0378 00c0 020c 
ea98 0005 000a 02f9 	        DECLE   $005, $00A, $2F9, $004, $220, $053, $009, $2B2    ; $EA98
ea9b 0004 0220 0053 0009 02b2 
eaa0 0094 010b 0012 	        DECLE   $094, $10B, $012, $272, $273, $00B, $0AD, $204    ; $EAA0
eaa3 0272 0273 000b 00ad 0204 
eaa8 0004 02b8 002d 	        DECLE   $004, $2B8, $02D, $258, $00B, $004, $1E8, $1A3    ; $EAA8
eaab 0258 000b 0004 01e8 01a3 
eab0 02b3 02b2 02b4 	        DECLE   $2B3, $2B2, $2B4, $2B7, $275, $284, $354, $001    ; $EAB0
eab3 02b7 0275 0284 0354 0001 
eab8 037c 00af 0040 	        DECLE   $37C, $0AF, $040, $204, $020, $2A0, $080, $22C    ; $EAB8
eabb 0204 0020 02a0 0080 022c 
eac0 0009 0014 00a5 	        DECLE   $009, $014, $0A5, $2A9, $089, $20C, $003, $008    ; $EAC0
eac3 02a9 0089 020c 0003 0008 
eac8 0220 0006 00a5 	        DECLE   $220, $006, $0A5, $0C5, $2A8, $260, $001, $37D    ; $EAC8
eacb 00c5 02a8 0260 0001 037d 
ead0 00af 0040 022c 	        DECLE   $0AF, $040, $22C, $007, $0A5, $1C0, $268, $001    ; $EAD0
ead3 0007 00a5 01c0 0268 0001 
ead8 037d 00af 0040 	        DECLE   $37D, $0AF, $040, $22B, $006, $2B7, $2B5, $285    ; $EAD8
eadb 022b 0006 02b7 02b5 0285 
eae0 0354 00aa 02fa 	        DECLE   $354, $0AA, $2FA, $028, $16A, $204, $004, $2A8    ; $EAE0
eae3 0028 016a 0204 0004 02a8 
eae8 0080 022c 0006 	        DECLE   $080, $22C, $006, $015, $2B8, $00D, $268, $2B7    ; $EAE8
eaeb 0015 02b8 000d 0268 02b7 
eaf0 0275 0272 0273 	        DECLE   $275, $272, $273, $004, $1E8, $30C, $272, $004    ; $EAF0
eaf3 0004 01e8 030c 0272 0004 
eaf8 0174 01d4 02b1 	        DECLE   $174, $1D4, $2B1, $2B5, $2B8, $080, $268, $269    ; $EAF8
eafb 02b5 02b8 0080 0268 0269 
eb00 00aa 0281 035c 	        DECLE   $0AA, $281, $35C, $275, $004, $1EC, $058, $2B3    ; $EB00
eb03 0275 0004 01ec 0058 02b3 
eb08 02fb 0004 02b2 	        DECLE   $2FB, $004, $2B2, $2B7, $275, $004, $1EC, $049    ; $EB08
eb0b 02b7 0275 0004 01ec 0049 
eb10 0004 012c 03b7 	        DECLE   $004, $12C, $3B7, $081, $2B8, $007, $004, $114    ; $EB10
eb13 0081 02b8 0007 0004 0114 
eb18 02e6 015d 0275 	        DECLE   $2E6, $15D, $275, $379, $02D, $204, $006, $014    ; $EB18
eb1b 0379 002d 0204 0006 0014 
eb20 02b0 01c0 0270 	        DECLE   $2B0, $1C0, $270, $200, $005, $271, $004, $1EC    ; $EB20
eb23 0200 0005 0271 0004 01ec 
eb28 00a5 02b1 0274 	        DECLE   $0A5, $2B1, $274, $004, $1EC, $03F, $224, $004    ; $EB28
eb2b 0004 01ec 003f 0224 0004 
eb30 02b9 0006 0378 	        DECLE   $2B9, $006, $378, $045, $20C, $002, $2B9, $003    ; $EB30
eb33 0045 020c 0002 02b9 0003 
eb38 0001 02ba 00c5 	        DECLE   $001, $2BA, $0C5, $047, $251, $1C9, $08B, $013    ; $EB38
eb3b 0047 0251 01c9 008b 0013 
eb40 02b4 0004 012c 	        DECLE   $2B4, $004, $12C, $3B7, $378, $02E, $204, $036    ; $EB40
eb43 03b7 0378 002e 0204 0036 
eb48 0004 012c 01d2 	        DECLE   $004, $12C, $1D2, $201, $039, $270, $001, $2BD    ; $EB48
eb4b 0201 0039 0270 0001 02bd 
eb50 00c5 0047 02a8 	        DECLE   $0C5, $047, $2A8, $141, $20C, $003, $2B0, $200    ; $EB50
eb53 0141 020c 0003 02b0 0200 
eb58 002d 02b0 0009 	        DECLE   $02D, $2B0, $009, $271, $004, $1EC, $0A5, $09B    ; $EB58
eb5b 0271 0004 01ec 00a5 009b 
eb60 020b 0001 000b 	        DECLE   $20B, $001, $00B, $273, $001, $2BB, $005, $026    ; $EB60
eb63 0273 0001 02bb 0005 0026 
eb68 0004 01e0 00bb 	        DECLE   $004, $1E0, $0BB, $014, $2A0, $338, $030, $001    ; $EB68
eb6b 0014 02a0 0338 0030 0001 
eb70 02bb 00d4 0047 	        DECLE   $2BB, $0D4, $047, $004, $1EC, $340, $1C0, $004    ; $EB70
eb73 0004 01ec 0340 01c0 0004 
eb78 01e0 0059 02b3 	        DECLE   $1E0, $059, $2B3, $2B1, $220, $03C, $1DB, $271    ; $EB78
eb7b 02b1 0220 003c 01db 0271 
eb80 0004 01ec 00a5 	        DECLE   $004, $1EC, $0A5, $2B1, $220, $044, $014, $004    ; $EB80
eb83 02b1 0220 0044 0014 0004 
eb88 01ec 003f 0224 	        DECLE   $1EC, $03F, $224, $004, $089, $20C, $001, $009    ; $EB88
eb8b 0004 0089 020c 0001 0009 
eb90 004d 004d 009b 	        DECLE   $04D, $04D, $09B, $203, $001, $1DB, $1D9, $378    ; $EB90
eb93 0203 0001 01db 01d9 0378 
eb98 0045 020c 0077 	        DECLE   $045, $20C, $077, $274, $004, $12C, $3B7, $004    ; $EB98
eb9b 0274 0004 012c 03b7 0004 
eba0 0170 008c 0221 	        DECLE   $170, $08C, $221, $007, $004, $12C, $1D2, $209    ; $EBA0
eba3 0007 0004 012c 01d2 0209 
eba8 0003 02b4 0200 	        DECLE   $003, $2B4, $200, $066, $2B4, $08A, $004, $1EC    ; $EBA8
ebab 0066 02b4 008a 0004 01ec 
ebb0 00a5 0004 012c 	        DECLE   $0A5, $004, $12C, $3B7, $004, $170, $08C, $201    ; $EBB0
ebb3 03b7 0004 0170 008c 0201 
ebb8 0003 0014 03fa 	        DECLE   $003, $014, $3FA, $040, $3FA, $040, $272, $004    ; $EBB8
ebbb 0040 03fa 0040 0272 0004 
ebc0 01ec 00a5 01db 	        DECLE   $1EC, $0A5, $1DB, $2A0, $004, $12C, $1D2, $221    ; $EBC0
ebc3 02a0 0004 012c 01d2 0221 
ebc8 0006 0338 0030 	        DECLE   $006, $338, $030, $082, $004, $1EC, $0A5, $098    ; $EBC8
ebcb 0082 0004 01ec 00a5 0098 
ebd0 02b9 000a 0093 	        DECLE   $2B9, $00A, $093, $004, $11C, $1DC, $0D3, $2A0    ; $EBD0
ebd3 0004 011c 01dc 00d3 02a0 
ebd8 0004 012c 01d2 	        DECLE   $004, $12C, $1D2, $229, $013, $2B2, $37B, $00A    ; $EBD8
ebdb 0229 0013 02b2 037b 000a 
ebe0 020b 0002 03fa 	        DECLE   $20B, $002, $3FA, $080, $272, $3BA, $040, $204    ; $EBE0
ebe3 0080 0272 03ba 0040 0204 
ebe8 0001 0023 02b1 	        DECLE   $001, $023, $2B1, $08A, $3F9, $008, $3BA, $007    ; $EBE8
ebeb 008a 03f9 0008 03ba 0007 
ebf0 0271 0065 0065 	        DECLE   $271, $065, $065, $3BA, $003, $3B9, $003, $09D    ; $EBF0
ebf3 03ba 0003 03b9 0003 009d 
ebf8 00cd 0115 0015 	        DECLE   $0CD, $115, $015, $113, $37D, $048, $20B, $005    ; $EBF8
ebfb 0113 037d 0048 020b 0005 
ec00 033d 0048 012b 	        DECLE   $33D, $048, $12B, $200, $00A, $001, $37D, $0BA    ; $EC00
ec03 0200 000a 0001 037d 00ba 
ec08 00ff 0203 0004 	        DECLE   $0FF, $203, $004, $2FD, $046, $025, $0EB, $2B1    ; $EC08
ec0b 02fd 0046 0025 00eb 02b1 
ec10 0200 0001 0023 	        DECLE   $200, $001, $023, $271, $014, $281, $35C, $08A    ; $EC10
ec13 0271 0014 0281 035c 008a 
ec18 02fa 0015 0004 	        DECLE   $2FA, $015, $004, $1EC, $05C, $098, $004, $1EC    ; $EC18
ec1b 01ec 005c 0098 0004 01ec 
ec20 006a 0001 02bb 	        DECLE   $06A, $001, $2BB, $0E2, $047, $004, $1E0, $0BB    ; $EC20
ec23 00e2 0047 0004 01e0 00bb 
ec28 02b1 008a 02b0 	        DECLE   $2B1, $08A, $2B0, $080, $204, $006, $281, $35C    ; $EC28
ec2b 0080 0204 0006 0281 035c 
ec30 0288 03f8 0080 	        DECLE   $288, $3F8, $080, $248, $004, $1EC, $03F, $223    ; $EC30
ec33 0248 0004 01ec 003f 0223 
ec38 0004 0014 0004 	        DECLE   $004, $014, $004, $324, $14F, $034, $034, $275    ; $EC38
ec3b 0324 014f 0034 0034 0275 
ec40 01ed 0004 012c 	        DECLE   $1ED, $004, $12C, $3B7, $378, $02E, $004, $378    ; $EC40
ec43 03b7 0378 002e 0004 0378 
ec48 023f 0275 0285 	        DECLE   $23F, $275, $285, $35C, $2B8, $040, $268, $1C0    ; $EC48
ec4b 035c 02b8 0040 0268 01c0 
ec50 0268 0001 037d 	        DECLE   $268, $001, $37D, $0D4, $047, $22C, $006, $2B7    ; $EC50
ec53 00d4 0047 022c 0006 02b7 
ec58 02b8 0004 0200 	        DECLE   $2B8, $004, $200, $002, $2B8, $007, $275, $274    ; $EC58
ec5b 0002 02b8 0007 0275 0274 
ec60 008d 0094 00c2 	        DECLE   $08D, $094, $0C2, $2A8, $260, $154, $22C, $004    ; $EC60
ec63 02a8 0260 0154 022c 0004 
ec68 02b4 02b7 0275 	        DECLE   $2B4, $2B7, $275, $081, $280, $15D, $3B8, $0BF    ; $EC68
ec6b 0081 0280 015d 03b8 00bf 
ec70 0089 0203 0003 	        DECLE   $089, $203, $003, $3F8, $040, $021, $240, $15D    ; $EC70
ec73 03f8 0040 0021 0240 015d 
ec78 02b8 0001 0283 	        DECLE   $2B8, $001, $283, $35C, $004, $1EC, $340, $1D2    ; $EC78
ec7b 035c 0004 01ec 0340 01d2 
ec80 0090 0004 0114 	        DECLE   $090, $004, $114, $345, $083, $188, $204, $017    ; $EC80
ec83 0345 0083 0188 0204 0017 
ec88 0093 004f 004b 	        DECLE   $093, $04F, $04B, $113, $001, $2FB, $005, $026    ; $EC88
ec8b 0113 0001 02fb 0005 0026 
ec90 0285 015d 03bd 	        DECLE   $285, $15D, $3BD, $040, $204, $002, $2FB, $031    ; $EC90
ec93 0040 0204 0002 02fb 0031 
ec98 0271 0272 0004 	        DECLE   $271, $272, $004, $1E0, $0BB, $2B2, $2B1, $00A    ; $EC98
ec9b 01e0 00bb 02b2 02b1 000a 
eca0 037a 0007 022c 	        DECLE   $37A, $007, $22C, $023, $2B7, $275, $2B8, $032    ; $ECA0
eca3 0023 02b7 0275 02b8 0032 
eca8 0004 017c 039a 	        DECLE   $004, $17C, $39A, $2B7, $275, $001, $2BA, $005    ; $ECA8
ecab 02b7 0275 0001 02ba 0005 
ecb0 0023 0272 0004 	        DECLE   $023, $272, $004, $178, $3AB, $089, $20C, $00B    ; $ECB0
ecb3 0178 03ab 0089 020c 000b 
ecb8 0283 0163 02fb 	        DECLE   $283, $163, $2FB, $200, $2B8, $010, $040, $3D8    ; $ECB8
ecbb 0200 02b8 0010 0040 03d8 
ecc0 0258 02b0 02b7 	        DECLE   $258, $2B0, $2B7, $379, $01F, $20E, $0C4, $379    ; $ECC0
ecc3 0379 001f 020e 00c4 0379 
ecc8 000d 022e 0012 	        DECLE   $00D, $22E, $012, $204, $0C4, $379, $008, $204    ; $ECC8
eccb 0204 00c4 0379 0008 0204 
ecd0 0085 0379 000c 	        DECLE   $085, $379, $00C, $204, $167, $379, $00A, $225    ; $ECD0
ecd3 0204 0167 0379 000a 0225 
ecd8 0020 0283 0163 	        DECLE   $020, $283, $163, $2FB, $200, $004, $1EC, $299    ; $ECD8
ecdb 02fb 0200 0004 01ec 0299 
ece0 0280 0165 0080 	        DECLE   $280, $165, $080, $204, $04E, $09C, $282, $167    ; $ECE0
ece3 0204 004e 009c 0282 0167 
ece8 02fa 0200 0162 	        DECLE   $2FA, $200, $162, $20E, $011, $2B0, $270, $258    ; $ECE8
eceb 020e 0011 02b0 0270 0258 
ecf0 02b8 000d 0282 	        DECLE   $2B8, $00D, $282, $165, $001, $2FA, $085, $040    ; $ECF0
ecf3 0165 0001 02fa 0085 0040 
ecf8 0250 000a 01c0 	        DECLE   $250, $00A, $1C0, $250, $200, $00D, $2A0, $2B5    ; $ECF8
ecfb 0250 0200 000d 02a0 02b5 
ed00 0275 0168 022c 	        DECLE   $275, $168, $22C, $019, $09A, $0A3, $284, $165    ; $ED00
ed03 0019 009a 00a3 0284 0165 
ed08 0004 01ec 02b1 	        DECLE   $004, $1EC, $2B1, $379, $00A, $20C, $00F, $33B    ; $ED08
ed0b 0379 000a 020c 000f 033b 
ed10 0200 0098 0008 	        DECLE   $200, $098, $008, $004, $1EC, $2E3, $283, $167    ; $ED10
ed13 0004 01ec 02e3 0283 0167 
ed18 0153 020e 000a 	        DECLE   $153, $20E, $00A, $09A, $200, $007, $280, $164    ; $ED18
ed1b 009a 0200 0007 0280 0164 
ed20 0338 0014 0004 	        DECLE   $338, $014, $004, $1EC, $2E3, $093, $243, $163    ; $ED20
ed23 01ec 02e3 0093 0243 0163 
ed28 0280 015d 03b8 	        DECLE   $280, $15D, $3B8, $0EF, $240, $15D, $1C0, $240    ; $ED28
ed2b 00ef 0240 015d 01c0 0240 
ed30 0165 0200 001f 	        DECLE   $165, $200, $01F, $33B, $214, $379, $00B, $204    ; $ED30
ed33 033b 0214 0379 000b 0204 
ed38 0002 02fb 0028 	        DECLE   $002, $2FB, $028, $280, $166, $143, $20D, $001    ; $ED38
ed3b 0280 0166 0143 020d 0001 
ed40 0083 0098 0004 	        DECLE   $083, $098, $004, $1EC, $2E3, $2FA, $028, $153    ; $ED40
ed43 01ec 02e3 02fa 0028 0153 
ed48 0206 0002 033b 	        DECLE   $206, $002, $33B, $014, $280, $167, $143, $206    ; $ED48
ed4b 0014 0280 0167 0143 0206 
ed50 0001 0083 02fb 	        DECLE   $001, $083, $2FB, $200, $200, $11F, $280, $163    ; $ED50
ed53 0200 0200 011f 0280 0163 
ed58 0004 01ec 02e3 	        DECLE   $004, $1EC, $2E3, $283, $163, $15A, $224, $0A7    ; $ED58
ed5b 0283 0163 015a 0224 00a7 
ed60 02fb 0200 0004 	        DECLE   $2FB, $200, $004, $1EC, $299, $013, $280, $166    ; $ED60
ed63 01ec 0299 0013 0280 0166 
ed68 02f8 0200 0143 	        DECLE   $2F8, $200, $143, $20D, $001, $00B, $281, $165    ; $ED68
ed6b 020d 0001 000b 0281 0165 
ed70 0089 0204 0016 	        DECLE   $089, $204, $016, $200, $006, $280, $15D, $3B8    ; $ED70
ed73 0200 0006 0280 015d 03b8 
ed78 00ef 0240 015d 	        DECLE   $0EF, $240, $15D, $2B8, $020, $011, $241, $165    ; $ED78
ed7b 02b8 0020 0011 0241 0165 
ed80 0001 02f9 0086 	        DECLE   $001, $2F9, $086, $040, $248, $2B8, $022, $040    ; $ED80
ed83 0040 0248 02b8 0022 0040 
ed88 0258 0200 00ea 	        DECLE   $258, $200, $0EA, $280, $165, $378, $027, $22D    ; $ED88
ed8b 0280 0165 0378 0027 022d 
ed90 00d8 0283 0163 	        DECLE   $0D8, $283, $163, $2FB, $200, $004, $1EC, $299    ; $ED90
ed93 02fb 0200 0004 01ec 0299 
ed98 0379 0060 0205 	        DECLE   $379, $060, $205, $002, $339, $020, $283, $163    ; $ED98
ed9b 0002 0339 0020 0283 0163 
eda0 0282 0167 0153 	        DECLE   $282, $167, $153, $20C, $00F, $004, $178, $3C7    ; $EDA0
eda3 020c 000f 0004 0178 03c7 
eda8 0283 0163 033b 	        DECLE   $283, $163, $33B, $014, $243, $163, $280, $164    ; $EDA8
edab 0014 0243 0163 0280 0164 
edb0 0338 0014 0240 	        DECLE   $338, $014, $240, $164, $280, $165, $080, $20C    ; $EDB0
edb3 0164 0280 0165 0080 020c 
edb8 0022 008c 0098 	        DECLE   $022, $08C, $098, $004, $1EC, $2E3, $153, $20D    ; $EDB8
edbb 0004 01ec 02e3 0153 020d 
edc0 000c 0273 0004 	        DECLE   $00C, $273, $004, $1EC, $30F, $2B3, $2FB, $200    ; $EDC0
edc3 01ec 030f 02b3 02fb 0200 
edc8 02b0 0270 0258 	        DECLE   $2B0, $270, $258, $33B, $200, $0A1, $242, $164    ; $EDC8
edcb 033b 0200 00a1 0242 0164 
edd0 0153 0204 0008 	        DECLE   $153, $204, $008, $1E4, $2FA, $200, $2FB, $200    ; $EDD0
edd3 01e4 02fa 0200 02fb 0200 
edd8 0004 01ec 02b1 	        DECLE   $004, $1EC, $2B1, $284, $165, $00C, $244, $165    ; $EDD8
eddb 0284 0165 000c 0244 0165 
ede0 0001 02fc 0084 	        DECLE   $001, $2FC, $084, $040, $261, $283, $163, $2FB    ; $EDE0
ede3 0040 0261 0283 0163 02fb 
ede8 0200 0298 0379 	        DECLE   $200, $298, $379, $00D, $204, $012, $339, $020    ; $EDE8
edeb 000d 0204 0012 0339 0020 
edf0 004d 0049 0041 	        DECLE   $04D, $049, $041, $3F9, $022, $041, $259, $00B    ; $EDF0
edf3 03f9 0022 0041 0259 000b 
edf8 02b5 0275 0168 	        DECLE   $2B5, $275, $168, $20C, $001, $258, $200, $075    ; $EDF8
edfb 020c 0001 0258 0200 0075 
ee00 01c0 0260 02b0 	        DECLE   $1C0, $260, $2B0, $270, $258, $33B, $200, $098    ; $EE00
ee03 0270 0258 033b 0200 0098 
ee08 0004 01ec 02e3 	        DECLE   $004, $1EC, $2E3, $280, $166, $142, $20C, $00F    ; $EE08
ee0b 0280 0166 0142 020c 000f 
ee10 02fa 0200 0290 	        DECLE   $2FA, $200, $290, $2B5, $275, $168, $20C, $003    ; $EE10
ee13 02b5 0275 0168 020c 0003 
ee18 02b0 0270 0250 	        DECLE   $2B0, $270, $250, $33A, $200, $2FA, $014, $242    ; $EE18
ee1b 033a 0200 02fa 0014 0242 
ee20 0163 02fb 0200 	        DECLE   $163, $2FB, $200, $2FA, $200, $09D, $00D, $2B8    ; $EE20
ee23 02fa 0200 009d 000d 02b8 
ee28 0022 0040 0155 	        DECLE   $022, $040, $155, $204, $003, $268, $220, $005    ; $EE28
ee2b 0204 0003 0268 0220 0005 
ee30 0280 015d 03b8 	        DECLE   $280, $15D, $3B8, $0EF, $240, $15D, $1C0, $240    ; $EE30
ee33 00ef 0240 015d 01c0 0240 
ee38 0165 0093 0200 	        DECLE   $165, $093, $200, $039, $281, $165, $379, $027    ; $EE38
ee3b 0039 0281 0165 0379 0027 
ee40 022d 0189 0283 	        DECLE   $22D, $189, $283, $163, $281, $167, $14B, $205    ; $EE40
ee43 0163 0281 0167 014b 0205 
ee48 000d 0004 0178 	        DECLE   $00D, $004, $178, $3C7, $280, $164, $338, $014    ; $EE48
ee4b 03c7 0280 0164 0338 0014 
ee50 0240 0164 0283 	        DECLE   $240, $164, $283, $163, $33B, $014, $2FB, $200    ; $EE50
ee53 0163 033b 0014 02fb 0200 
ee58 0004 01ec 0299 	        DECLE   $004, $1EC, $299, $00B, $284, $165, $0A4, $204    ; $EE58
ee5b 000b 0284 0165 00a4 0204 
ee60 0014 0013 0298 	        DECLE   $014, $013, $298, $2B5, $275, $168, $20C, $007    ; $EE60
ee63 02b5 0275 0168 020c 0007 
ee68 000b 0258 0013 	        DECLE   $00B, $258, $013, $2B8, $022, $040, $258, $00B    ; $EE68
ee6b 02b8 0022 0040 0258 000b 
ee70 009a 0012 0004 	        DECLE   $09A, $012, $004, $1EC, $2B1, $004, $1EC, $27E    ; $EE70
ee73 01ec 02b1 0004 01ec 027e 
ee78 033b 0200 0243 	        DECLE   $33B, $200, $243, $163, $2B0, $2B7, $275, $285    ; $EE78
ee7b 0163 02b0 02b7 0275 0285 
ee80 0162 03bd 0001 	        DECLE   $162, $3BD, $001, $298, $001, $378, $005, $023    ; $EE80
ee83 0298 0001 0378 0005 0023 
ee88 0204 0005 0040 	        DECLE   $204, $005, $040, $3B8, $010, $200, $006, $2B8    ; $EE88
ee8b 03b8 0010 0200 0006 02b8 
ee90 0022 0040 0258 	        DECLE   $022, $040, $258, $2B8, $020, $1C5, $245, $162    ; $EE90
ee93 02b8 0020 01c5 0245 0162 
ee98 02b7 0275 029d 	        DECLE   $2B7, $275, $29D, $001, $3BD, $0FF, $02F, $280    ; $EE98
ee9b 0001 03bd 00ff 002f 0280 
eea0 0162 03b8 0030 	        DECLE   $162, $3B8, $030, $378, $020, $204, $004, $040    ; $EEA0
eea3 0378 0020 0204 0004 0040 
eea8 01e8 0200 0004 	        DECLE   $1E8, $200, $004, $001, $2B8, $005, $023, $258    ; $EEA8
eeab 0001 02b8 0005 0023 0258 
eeb0 02b7 0275 0280 	        DECLE   $2B7, $275, $280, $354, $270, $0C4, $095, $2A8    ; $EEB0
eeb3 0354 0270 00c4 0095 02a8 
eeb8 0001 0378 0005 	        DECLE   $001, $378, $005, $023, $20C, $004, $2B8, $00D    ; $EEB8
eebb 0023 020c 0004 02b8 000d 
eec0 0200 0015 0064 	        DECLE   $200, $015, $064, $060, $3B8, $03F, $082, $2F8    ; $EEC0
eec3 0060 03b8 003f 0082 02f8 
eec8 0020 004e 004a 	        DECLE   $020, $04E, $04A, $042, $3FA, $022, $042, $015    ; $EEC8
eecb 0042 03fa 0022 0042 0015 
eed0 026a 0001 037c 	        DECLE   $26A, $001, $37C, $0AC, $040, $203, $001, $260    ; $EED0
eed3 00ac 0040 0203 0001 0260 
eed8 015d 0225 0023 	        DECLE   $15D, $225, $023, $1C0, $260, $014, $2B0, $104    ; $EED8
eedb 01c0 0260 0014 02b0 0104 
eee0 0244 0165 02b7 	        DECLE   $244, $165, $2B7, $275, $282, $166, $150, $20E    ; $EEE0
eee3 0275 0282 0166 0150 020e 
eee8 0002 01c9 02b7 	        DECLE   $002, $1C9, $2B7, $081, $2F9, $200, $2FA, $200    ; $EEE8
eeeb 0081 02f9 0200 02fa 0200 
eef0 0288 0001 03f8 	        DECLE   $288, $001, $3F8, $005, $023, $001, $3B8, $0FF    ; $EEF0
eef3 0005 0023 0001 03b8 00ff 
eef8 000f 0204 0007 	        DECLE   $00F, $204, $007, $011, $151, $22D, $00E, $33A    ; $EEF8
eefb 0011 0151 022d 000e 033a 
ef00 0200 02b7 0339 	        DECLE   $200, $2B7, $339, $200, $2BA, $014, $004, $11C    ; $EF00
ef03 0200 02ba 0014 0004 011c 
ef08 01fb 0008 004c 	        DECLE   $1FB, $008, $04C, $082, $04E, $0C2, $2B7, $275    ; $EF08
ef0b 0082 004e 00c2 02b7 0275 
ef10 0273 02fb 0200 	        DECLE   $273, $2FB, $200, $282, $166, $2FA, $200, $298    ; $EF10
ef13 0282 0166 02fa 0200 0298 
ef18 0001 0378 0005 	        DECLE   $001, $378, $005, $023, $204, $004, $013, $15A    ; $EF18
ef1b 0023 0204 0004 0013 015a 
ef20 0225 000a 02b8 	        DECLE   $225, $00A, $2B8, $022, $040, $258, $2B3, $098    ; $EF20
ef23 0022 0040 0258 02b3 0098 
ef28 0004 03ec 02e4 	        DECLE   $004, $3EC, $2E4, $275, $2BD, $162, $2B8, $020    ; $EF28
ef2b 0275 02bd 0162 02b8 0020 
ef30 0268 004c 004c 	        DECLE   $268, $04C, $04C, $268, $1C0, $268, $268, $268    ; $EF30
ef33 0268 01c0 0268 0268 0268 
ef38 02b8 00dc 0268 	        DECLE   $2B8, $0DC, $268, $2B8, $078, $240, $0F8, $2B7    ; $EF38
ef3b 02b8 0078 0240 00f8 02b7 
ef40 0275 0080 0204 	        DECLE   $275, $080, $204, $024, $2BD, $004, $082, $090    ; $EF40
ef43 0024 02bd 0004 0082 0090 
ef48 0040 03b8 00f0 	        DECLE   $040, $3B8, $0F0, $20C, $005, $015, $04E, $04E    ; $EF48
ef4b 020c 0005 0015 004e 004e 
ef50 0220 000a 03fd 	        DECLE   $220, $00A, $3FD, $040, $25D, $09D, $00D, $042    ; $EF50
ef53 0040 025d 009d 000d 0042 
ef58 026a 0042 026a 	        DECLE   $26A, $042, $26A, $1D2, $26A, $282, $15D, $3BA    ; $EF58
ef5b 01d2 026a 0282 015d 03ba 
ef60 0080 0204 0004 	        DECLE   $080, $204, $004, $1D2, $26A, $26A, $26A, $2B7    ; $EF60
ef63 01d2 026a 026a 026a 02b7 
ef68 009d 02b8 0040 	        DECLE   $09D, $2B8, $040, $268, $1C0, $268, $268, $268    ; $EF68
ef6b 0268 01c0 0268 0268 0268 
ef70 0220 0014 0275 	        DECLE   $220, $014, $275, $273, $001, $2BC, $065, $047    ; $EF70
ef73 0273 0001 02bc 0065 0047 
ef78 0274 02b8 0010 	        DECLE   $274, $2B8, $010, $004, $114, $338, $2BB, $00C    ; $EF78
ef7b 0004 0114 0338 02bb 000c 
ef80 02ba 0002 0004 	        DECLE   $2BA, $002, $004, $1E4, $37D, $2B4, $2B9, $040    ; $EF80
ef83 01e4 037d 02b4 02b9 0040 
ef88 0378 0002 0204 	        DECLE   $378, $002, $204, $002, $2B9, $080, $261, $2B9    ; $EF88
ef8b 0002 02b9 0080 0261 02b9 
ef90 0018 0261 02b3 	        DECLE   $018, $261, $2B3, $263, $043, $263, $00C, $2B9    ; $EF90
ef93 0263 0043 0263 000c 02b9 
ef98 0050 0261 000c 	        DECLE   $050, $261, $00C, $261, $33C, $008, $2B7, $275    ; $EF98
ef9b 0261 033c 0008 02b7 0275 
efa0 02b8 000c 0004 	        DECLE   $2B8, $00C, $004, $1EC, $3E0, $0A4, $20C, $009    ; $EFA0
efa3 01ec 03e0 00a4 020c 0009 
efa8 0001 02bc 000b 	        DECLE   $001, $2BC, $00B, $041, $001, $2A0, $00C, $080    ; $EFA8
efab 0041 0001 02a0 000c 0080 
efb0 02b7 0014 02a0 	        DECLE   $2B7, $014, $2A0, $0C4, $33C, $003, $220, $00B    ; $EFB0
efb3 00c4 033c 0003 0220 000b 
efb8 0275 0283 0163 	        DECLE   $275, $283, $163, $2FB, $200, $004, $1EC, $299    ; $EFB8
efbb 02fb 0200 0004 01ec 0299 
efc0 0283 0166 0243 	        DECLE   $283, $166, $243, $163, $2FB, $200, $004, $1EC    ; $EFC0
efc3 0163 02fb 0200 0004 01ec 
efc8 027e 02b7 0275 	        DECLE   $27E, $2B7, $275, $274, $2B8, $008, $004, $114    ; $EFC8
efcb 0274 02b8 0008 0004 0114 
efd0 0338 033c 0004 	        DECLE   $338, $33C, $004, $261, $274, $2BB, $034, $2BA    ; $EFD0
efd3 0261 0274 02bb 0034 02ba 
efd8 007f 0004 01e4 	        DECLE   $07F, $004, $1E4, $37D, $2B4, $260, $2B3, $2B7    ; $EFD8
efdb 037d 02b4 0260 02b3 02b7 
efe0 0275 0274 0034 	        DECLE   $275, $274, $034, $273, $272, $271, $034, $001    ; $EFE0
efe3 0273 0272 0271 0034 0001 
efe8 02bb 0001 00c0 	        DECLE   $2BB, $001, $0C0, $270, $004, $120, $01F, $2B0    ; $EFE8
efeb 0270 0004 0120 001f 02b0 
eff0 02a1 0379 01c1 	        DECLE   $2A1, $379, $1C1, $20C, $003, $004, $1C0, $040    ; $EFF0
eff3 020c 0003 0004 01c0 0040 
eff8 02b1 0034 02b2 	        DECLE   $2B1, $034, $2B2, $2B3, $2B4, $034, $2B7, $0E1    ; $EFF8
effb 02b3 02b4 0034 02b7 00e1 

			        END
 ERROR SUMMARY - ERRORS DETECTED 0
               -  WARNINGS       0
